symbol,date,status,article_count,logged_at_utc
AAPL.NAS,2022-01-01,done,34,2026-03-25T14:10:45.091601+00:00
AAPL.NAS,2022-01-02,done,22,2026-03-25T14:11:05.868999+00:00
AAPL.NAS,2022-01-03,done,118,2026-03-25T14:11:22.978010+00:00
AAPL.NAS,2022-01-04,done,250,2026-03-25T14:11:55.605292+00:00
AAPL.NAS,2022-01-05,done,102,2026-03-25T14:12:31.664440+00:00
AAPL.NAS,2022-01-06,done,119,2026-03-25T14:14:08.084067+00:00
AAPL.NAS,2022-01-07,done,111,2026-03-25T14:18:58.871792+00:00
AAPL.NAS,2022-01-08,done,23,2026-03-25T14:19:37.719480+00:00
AAPL.NAS,2022-01-09,done,21,2026-03-25T14:22:57.543026+00:00
AAPL.NAS,2022-01-10,done,111,2026-03-25T14:24:49.973943+00:00
AAPL.NAS,2022-01-11,done,114,2026-03-25T14:25:50.778627+00:00
AAPL.NAS,2022-01-12,done,81,2026-03-25T14:27:04.318727+00:00
AAPL.NAS,2022-01-13,done,175,2026-03-25T14:27:56.694020+00:00
AAPL.NAS,2022-01-14,done,112,2026-03-25T14:28:19.950521+00:00
AAPL.NAS,2022-01-15,done,58,2026-03-25T14:29:45.840862+00:00
AAPL.NAS,2022-01-16,done,16,2026-03-25T14:32:32.163001+00:00
AAPL.NAS,2022-01-17,done,51,2026-03-25T14:33:27.323082+00:00
AAPL.NAS,2022-01-18,done,113,2026-03-25T14:35:03.644937+00:00
AAPL.NAS,2022-01-19,done,142,2026-03-25T14:37:02.637935+00:00
AAPL.NAS,2022-01-20,done,91,2026-03-25T14:38:23.327423+00:00
AAPL.NAS,2022-01-21,done,101,2026-03-25T14:39:55.755119+00:00
AAPL.NAS,2022-01-22,done,40,2026-03-25T14:41:43.724148+00:00
AAPL.NAS,2022-01-23,done,28,2026-03-25T14:42:49.684493+00:00
AAPL.NAS,2022-01-24,done,108,2026-03-25T14:43:11.173602+00:00
AAPL.NAS,2022-01-25,done,119,2026-03-25T14:43:22.455729+00:00
AAPL.NAS,2022-01-26,done,95,2026-03-25T14:44:10.201629+00:00
AAPL.NAS,2022-01-27,done,148,2026-03-25T14:45:31.684544+00:00
AAPL.NAS,2022-01-28,done,250,2026-03-25T14:46:06.581296+00:00
AAPL.NAS,2022-01-29,done,46,2026-03-25T15:18:35.790030+00:00
AAPL.NAS,2022-01-30,done,37,2026-03-25T15:19:15.671986+00:00
AAPL.NAS,2022-01-31,done,84,2026-03-25T15:19:46.370875+00:00
AAPL.NAS,2022-02-01,done,79,2026-03-25T15:21:04.703925+00:00
AAPL.NAS,2022-02-02,done,120,2026-03-25T15:21:45.554368+00:00
AAPL.NAS,2022-02-03,done,204,2026-03-25T15:23:33.265976+00:00
AAPL.NAS,2022-02-04,done,178,2026-03-25T15:23:59.340278+00:00
AAPL.NAS,2022-02-05,done,80,2026-03-25T15:24:55.074460+00:00
AAPL.NAS,2022-02-06,done,46,2026-03-25T15:27:37.887441+00:00
AAPL.NAS,2022-02-07,done,74,2026-03-25T15:28:42.780121+00:00
AAPL.NAS,2022-02-08,done,134,2026-03-25T15:28:56.060642+00:00
AAPL.NAS,2022-02-09,done,121,2026-03-25T15:29:15.695652+00:00
AAPL.NAS,2022-02-10,done,111,2026-03-25T15:31:14.583413+00:00
AAPL.NAS,2022-02-11,done,82,2026-03-25T15:31:33.712951+00:00
AAPL.NAS,2022-02-12,done,50,2026-03-25T15:33:23.495735+00:00
AAPL.NAS,2022-02-13,done,18,2026-03-25T15:34:36.033332+00:00
AAPL.NAS,2022-02-14,done,76,2026-03-25T15:36:48.646710+00:00
AAPL.NAS,2022-02-15,done,81,2026-03-25T15:38:57.360088+00:00
AAPL.NAS,2022-02-16,done,107,2026-03-25T15:41:28.961161+00:00
AAPL.NAS,2022-02-17,done,124,2026-03-25T15:44:16.036003+00:00
AAPL.NAS,2022-02-18,done,113,2026-03-25T15:44:46.977842+00:00
AAPL.NAS,2022-02-19,done,26,2026-03-25T15:45:54.306220+00:00
AAPL.NAS,2022-02-20,done,14,2026-03-25T15:46:53.031566+00:00
AAPL.NAS,2022-02-21,done,100,2026-03-25T15:47:18.261598+00:00
AAPL.NAS,2022-02-22,done,91,2026-03-25T15:48:14.748235+00:00
AAPL.NAS,2022-02-23,done,86,2026-03-25T15:51:21.281383+00:00
AAPL.NAS,2022-02-24,done,86,2026-03-25T15:51:51.332947+00:00
AAPL.NAS,2022-02-25,done,60,2026-03-25T15:52:05.550006+00:00
AAPL.NAS,2022-02-26,done,56,2026-03-25T15:54:24.269707+00:00
AAPL.NAS,2022-02-27,done,36,2026-03-25T15:54:48.319849+00:00
AAPL.NAS,2022-02-28,done,84,2026-03-25T16:03:15.598304+00:00
AAPL.NAS,2022-03-01,done,89,2026-03-25T16:04:17.488291+00:00
AAPL.NAS,2022-03-02,done,207,2026-03-25T16:04:53.253985+00:00
AAPL.NAS,2022-03-03,done,105,2026-03-25T16:05:51.670862+00:00
AAPL.NAS,2022-03-04,done,94,2026-03-25T16:06:11.822697+00:00
AAPL.NAS,2022-03-05,done,37,2026-03-25T16:07:21.936632+00:00
AAPL.NAS,2022-03-06,done,26,2026-03-25T16:11:49.779954+00:00
AAPL.NAS,2022-03-07,done,86,2026-03-25T16:12:17.559475+00:00
AAPL.NAS,2022-03-08,done,140,2026-03-25T16:12:53.108899+00:00
AAPL.NAS,2022-03-09,done,118,2026-03-25T16:14:22.603319+00:00
AAPL.NAS,2022-03-10,done,140,2026-03-25T16:16:38.167866+00:00
AAPL.NAS,2022-03-11,done,101,2026-03-25T16:17:02.238732+00:00
AAPL.NAS,2022-03-12,done,44,2026-03-25T16:18:39.129898+00:00
AAPL.NAS,2022-03-13,done,18,2026-03-25T16:19:17.546662+00:00
AAPL.NAS,2022-03-14,done,148,2026-03-25T16:20:11.073767+00:00
AAPL.NAS,2022-03-15,done,219,2026-03-25T16:20:26.163080+00:00
AAPL.NAS,2022-03-16,done,110,2026-03-25T16:20:48.055732+00:00
AAPL.NAS,2022-03-17,done,71,2026-03-25T16:21:15.009627+00:00
AAPL.NAS,2022-03-18,done,62,2026-03-25T16:21:39.338413+00:00
AAPL.NAS,2022-03-19,done,28,2026-03-25T16:22:03.764505+00:00
AAPL.NAS,2022-03-20,done,31,2026-03-25T16:24:41.136326+00:00
AAPL.NAS,2022-03-21,done,105,2026-03-25T16:25:40.918351+00:00
AAPL.NAS,2022-03-22,done,141,2026-03-25T16:25:51.735176+00:00
AAPL.NAS,2022-03-23,done,111,2026-03-25T16:26:31.868583+00:00
AAPL.NAS,2022-03-24,done,110,2026-03-25T16:26:51.741001+00:00
AAPL.NAS,2022-03-25,done,115,2026-03-25T16:27:46.839974+00:00
AAPL.NAS,2022-03-26,done,33,2026-03-25T16:29:02.772283+00:00
AAPL.NAS,2022-03-27,done,13,2026-03-25T16:33:05.633682+00:00
AAPL.NAS,2022-03-28,done,142,2026-03-25T16:33:38.499242+00:00
AAPL.NAS,2022-03-29,done,127,2026-03-25T16:35:51.430870+00:00
AAPL.NAS,2022-03-30,done,72,2026-03-25T16:38:16.236536+00:00
AAPL.NAS,2022-03-31,done,105,2026-03-25T16:38:33.129770+00:00
AAPL.NAS,2022-04-01,done,104,2026-03-25T16:38:49.771952+00:00
AAPL.NAS,2022-04-02,done,31,2026-03-25T16:39:13.076255+00:00
AAPL.NAS,2022-04-03,done,26,2026-03-25T16:41:47.349148+00:00
AAPL.NAS,2022-04-04,done,87,2026-03-25T16:42:58.481331+00:00
AAPL.NAS,2022-04-05,done,81,2026-03-25T16:43:12.690393+00:00
AAPL.NAS,2022-04-06,done,90,2026-03-25T16:43:29.258652+00:00
AAPL.NAS,2022-04-07,done,84,2026-03-25T16:43:47.239296+00:00
AAPL.NAS,2022-04-08,done,88,2026-03-25T16:43:58.941382+00:00
AAPL.NAS,2022-04-09,done,19,2026-03-25T16:44:09.294431+00:00
AAPL.NAS,2022-04-10,done,24,2026-03-25T16:44:41.285596+00:00
AAPL.NAS,2022-04-11,done,87,2026-03-25T16:45:17.987336+00:00
AAPL.NAS,2022-04-12,done,103,2026-03-25T16:45:30.695122+00:00
AAPL.NAS,2022-04-13,done,110,2026-03-25T16:45:43.736269+00:00
AAPL.NAS,2022-04-14,done,81,2026-03-25T16:46:06.339760+00:00
AAPL.NAS,2022-04-15,done,49,2026-03-25T16:47:02.473789+00:00
AAPL.NAS,2022-04-16,done,80,2026-03-25T16:47:23.245033+00:00
AAPL.NAS,2022-04-17,done,13,2026-03-25T16:47:45.666256+00:00
AAPL.NAS,2022-04-18,done,66,2026-03-25T16:48:08.577397+00:00
AAPL.NAS,2022-04-19,done,105,2026-03-25T16:48:27.607235+00:00
AAPL.NAS,2022-04-20,done,214,2026-03-25T16:49:20.819493+00:00
AAPL.NAS,2022-04-21,done,155,2026-03-25T16:51:56.110969+00:00
AAPL.NAS,2022-04-22,done,80,2026-03-25T16:52:08.309371+00:00
AAPL.NAS,2022-04-23,done,32,2026-03-25T16:52:43.161086+00:00
AAPL.NAS,2022-04-24,done,33,2026-03-25T16:53:04.861415+00:00
AAPL.NAS,2022-04-25,done,148,2026-03-25T16:54:11.657939+00:00
AAPL.NAS,2022-04-26,done,97,2026-03-25T16:56:38.464278+00:00
AAPL.NAS,2022-04-27,done,108,2026-03-25T16:57:18.190025+00:00
AAPL.NAS,2022-04-28,done,195,2026-03-25T16:57:44.629650+00:00
AAPL.NAS,2022-04-29,done,227,2026-03-25T16:58:07.512758+00:00
AAPL.NAS,2022-04-30,done,47,2026-03-25T16:58:29.390827+00:00
AAPL.NAS,2022-05-01,done,18,2026-03-25T17:01:58.856722+00:00
AAPL.NAS,2022-05-02,done,93,2026-03-25T17:03:06.030882+00:00
AAPL.NAS,2022-05-03,done,104,2026-03-25T17:03:28.580053+00:00
AAPL.NAS,2022-05-04,done,84,2026-03-25T17:04:08.471993+00:00
AAPL.NAS,2022-05-05,done,108,2026-03-25T17:04:46.001947+00:00
AAPL.NAS,2022-05-06,done,104,2026-03-25T17:05:08.665772+00:00
AAPL.NAS,2022-05-07,done,42,2026-03-25T17:05:43.978026+00:00
AAPL.NAS,2022-05-08,done,22,2026-03-25T17:07:17.357745+00:00
AAPL.NAS,2022-05-09,done,90,2026-03-25T17:07:40.971879+00:00
AAPL.NAS,2022-05-10,done,118,2026-03-25T17:08:18.591498+00:00
AAPL.NAS,2022-05-11,done,152,2026-03-25T17:09:04.053908+00:00
AAPL.NAS,2022-05-12,done,185,2026-03-25T17:09:37.865349+00:00
AAPL.NAS,2022-05-13,done,119,2026-03-25T17:11:08.913437+00:00
AAPL.NAS,2022-05-14,done,31,2026-03-25T17:11:26.114798+00:00
AAPL.NAS,2022-05-15,done,39,2026-03-25T17:12:23.525391+00:00
AAPL.NAS,2022-05-16,done,74,2026-03-25T17:14:04.249473+00:00
AAPL.NAS,2022-05-17,done,146,2026-03-25T17:14:51.547374+00:00
AAPL.NAS,2022-05-18,done,190,2026-03-25T17:19:08.711327+00:00
AAPL.NAS,2022-05-19,done,123,2026-03-25T17:21:33.542509+00:00
AAPL.NAS,2022-05-20,done,80,2026-03-25T17:22:27.439379+00:00
AAPL.NAS,2022-05-21,done,36,2026-03-25T17:22:48.665869+00:00
AAPL.NAS,2022-05-22,done,57,2026-03-25T17:23:50.793064+00:00
AAPL.NAS,2022-05-23,done,88,2026-03-25T17:24:08.694474+00:00
AAPL.NAS,2022-05-24,done,131,2026-03-25T17:25:09.462056+00:00
AAPL.NAS,2022-05-25,done,121,2026-03-25T17:25:28.234232+00:00
AAPL.NAS,2022-05-26,done,135,2026-03-25T17:25:42.432314+00:00
AAPL.NAS,2022-05-27,done,80,2026-03-25T17:25:57.664357+00:00
AAPL.NAS,2022-05-28,done,21,2026-03-25T17:26:42.369167+00:00
AAPL.NAS,2022-05-29,done,14,2026-03-25T17:27:27.466196+00:00
AAPL.NAS,2022-05-30,done,51,2026-03-25T17:27:50.789414+00:00
AAPL.NAS,2022-05-31,done,86,2026-03-25T17:28:10.845071+00:00
AAPL.NAS,2022-06-01,done,62,2026-03-25T17:28:34.969746+00:00
AAPL.NAS,2022-06-02,done,47,2026-03-25T17:28:52.841475+00:00
AAPL.NAS,2022-06-03,done,90,2026-03-25T17:29:12.406508+00:00
AAPL.NAS,2022-06-04,done,26,2026-03-25T17:29:31.219538+00:00
AAPL.NAS,2022-06-05,done,18,2026-03-25T17:32:02.961898+00:00
AAPL.NAS,2022-06-06,done,130,2026-03-25T17:32:13.067477+00:00
AAPL.NAS,2022-06-07,done,159,2026-03-25T17:32:53.173417+00:00
AAPL.NAS,2022-06-08,done,101,2026-03-25T17:33:07.138190+00:00
AAPL.NAS,2022-06-09,done,106,2026-03-25T17:33:17.689672+00:00
AAPL.NAS,2022-06-10,done,123,2026-03-25T17:33:42.199912+00:00
AAPL.NAS,2022-06-11,done,48,2026-03-25T17:33:53.724343+00:00
AAPL.NAS,2022-06-12,done,20,2026-03-25T17:34:20.517295+00:00
AAPL.NAS,2022-06-13,done,80,2026-03-25T17:34:37.485971+00:00
AAPL.NAS,2022-06-14,done,144,2026-03-25T17:35:18.781874+00:00
AAPL.NAS,2022-06-15,done,70,2026-03-25T17:36:09.523137+00:00
AAPL.NAS,2022-06-16,done,76,2026-03-25T17:36:20.743913+00:00
AAPL.NAS,2022-06-17,done,71,2026-03-25T17:36:48.544329+00:00
AAPL.NAS,2022-06-18,done,29,2026-03-25T17:37:18.207066+00:00
AAPL.NAS,2022-06-19,done,50,2026-03-25T17:37:32.194568+00:00
AAPL.NAS,2022-06-20,done,46,2026-03-25T17:38:21.104187+00:00
AAPL.NAS,2022-06-21,done,67,2026-03-25T17:38:49.936235+00:00
AAPL.NAS,2022-06-22,done,67,2026-03-25T17:39:12.051570+00:00
AAPL.NAS,2022-06-23,done,83,2026-03-25T17:40:40.935843+00:00
AAPL.NAS,2022-06-24,done,65,2026-03-25T17:40:59.167215+00:00
AAPL.NAS,2022-06-25,done,40,2026-03-25T17:41:12.853813+00:00
AAPL.NAS,2022-06-26,done,45,2026-03-25T17:41:28.722338+00:00
AAPL.NAS,2022-06-27,done,59,2026-03-25T17:41:40.221254+00:00
AAPL.NAS,2022-06-28,done,58,2026-03-25T17:42:20.130761+00:00
AAPL.NAS,2022-06-29,done,80,2026-03-25T17:43:39.703931+00:00
AAPL.NAS,2022-06-30,done,126,2026-03-25T17:43:50.945282+00:00
AAPL.NAS,2022-07-01,done,250,2026-03-25T17:44:07.013168+00:00
AAPL.NAS,2022-07-02,done,74,2026-03-25T17:44:21.108340+00:00
AAPL.NAS,2022-07-03,done,18,2026-03-25T17:44:31.122431+00:00
AAPL.NAS,2022-07-04,done,24,2026-03-25T17:44:56.147574+00:00
AAPL.NAS,2022-07-05,done,69,2026-03-25T17:45:37.485128+00:00
AAPL.NAS,2022-07-06,done,74,2026-03-25T17:46:10.349887+00:00
AAPL.NAS,2022-07-07,done,168,2026-03-25T17:46:36.756395+00:00
AAPL.NAS,2022-07-08,done,118,2026-03-25T17:46:58.188731+00:00
AAPL.NAS,2022-07-09,done,35,2026-03-25T17:47:16.635005+00:00
AAPL.NAS,2022-07-10,done,10,2026-03-25T17:47:55.832708+00:00
AAPL.NAS,2022-07-11,done,57,2026-03-25T17:48:06.570211+00:00
AAPL.NAS,2022-07-12,done,100,2026-03-25T17:48:26.601935+00:00
AAPL.NAS,2022-07-13,done,84,2026-03-25T17:48:37.032179+00:00
AAPL.NAS,2022-07-14,done,78,2026-03-25T17:49:06.931049+00:00
AAPL.NAS,2022-07-15,done,87,2026-03-25T17:49:28.714107+00:00
AAPL.NAS,2022-07-16,done,20,2026-03-25T17:49:38.705658+00:00
AAPL.NAS,2022-07-17,done,45,2026-03-25T17:49:48.306880+00:00
AAPL.NAS,2022-07-18,done,138,2026-03-25T17:50:32.278117+00:00
AAPL.NAS,2022-07-19,done,161,2026-03-25T17:50:58.174590+00:00
AAPL.NAS,2022-07-20,done,138,2026-03-25T17:51:08.991162+00:00
AAPL.NAS,2022-07-21,done,107,2026-03-25T17:52:12.950842+00:00
AAPL.NAS,2022-07-22,done,110,2026-03-25T17:52:21.939959+00:00
AAPL.NAS,2022-07-23,done,23,2026-03-25T17:52:38.035369+00:00
AAPL.NAS,2022-07-24,done,27,2026-03-25T17:53:14.714527+00:00
AAPL.NAS,2022-07-25,done,128,2026-03-25T17:53:32.077848+00:00
AAPL.NAS,2022-07-26,done,100,2026-03-25T17:53:42.225330+00:00
AAPL.NAS,2022-07-27,done,125,2026-03-25T17:54:06.287877+00:00
AAPL.NAS,2022-07-28,done,168,2026-03-25T17:54:28.010524+00:00
AAPL.NAS,2022-07-29,done,198,2026-03-25T17:55:09.883784+00:00
AAPL.NAS,2022-07-30,done,46,2026-03-25T17:56:10.264201+00:00
AAPL.NAS,2022-07-31,done,23,2026-03-25T17:56:48.002280+00:00
AAPL.NAS,2022-08-01,done,81,2026-03-25T17:56:58.149589+00:00
AAPL.NAS,2022-08-02,done,90,2026-03-25T17:57:21.129592+00:00
AAPL.NAS,2022-08-03,done,60,2026-03-25T17:57:30.870570+00:00
AAPL.NAS,2022-08-04,done,100,2026-03-25T17:58:26.598420+00:00
AAPL.NAS,2022-08-05,done,80,2026-03-25T17:58:36.806239+00:00
AAPL.NAS,2022-08-06,done,45,2026-03-25T17:58:47.958398+00:00
AAPL.NAS,2022-08-07,done,27,2026-03-25T17:58:58.372707+00:00
AAPL.NAS,2022-08-08,done,84,2026-03-25T17:59:17.154654+00:00
AAPL.NAS,2022-08-09,done,101,2026-03-25T18:01:01.042934+00:00
AAPL.NAS,2022-08-10,done,89,2026-03-25T18:01:22.920988+00:00
AAPL.NAS,2022-08-11,done,67,2026-03-25T18:02:49.257767+00:00
AAPL.NAS,2022-08-12,done,77,2026-03-25T18:06:01.067054+00:00
AAPL.NAS,2022-08-13,done,20,2026-03-25T18:06:20.053105+00:00
AAPL.NAS,2022-08-14,done,22,2026-03-25T18:07:39.550900+00:00
AAPL.NAS,2022-08-15,done,88,2026-03-25T18:08:41.373821+00:00
AAPL.NAS,2022-08-16,done,146,2026-03-25T18:12:39.197794+00:00
AAPL.NAS,2022-08-17,done,123,2026-03-25T18:14:10.203671+00:00
AAPL.NAS,2022-08-18,done,74,2026-03-25T18:15:06.896042+00:00
AAPL.NAS,2022-08-19,done,109,2026-03-25T18:16:13.282888+00:00
AAPL.NAS,2022-08-20,done,21,2026-03-25T18:18:17.708357+00:00
AAPL.NAS,2022-08-21,done,18,2026-03-25T18:18:34.338935+00:00
AAPL.NAS,2022-08-22,done,76,2026-03-25T18:20:09.796887+00:00
AAPL.NAS,2022-08-23,done,135,2026-03-25T18:21:48.004165+00:00
AAPL.NAS,2022-08-24,done,79,2026-03-25T18:22:33.580806+00:00
AAPL.NAS,2022-08-25,done,88,2026-03-25T18:23:40.212400+00:00
AAPL.NAS,2022-08-26,done,75,2026-03-25T18:24:06.612799+00:00
AAPL.NAS,2022-08-27,done,20,2026-03-25T18:25:20.695325+00:00
AAPL.NAS,2022-08-28,done,16,2026-03-25T18:30:21.795907+00:00
AAPL.NAS,2022-08-29,done,80,2026-03-25T18:32:29.385373+00:00
AAPL.NAS,2022-08-30,done,166,2026-03-25T18:36:12.053960+00:00
AAPL.NAS,2022-08-31,done,98,2026-03-25T18:37:45.760821+00:00
AAPL.NAS,2022-09-01,done,94,2026-03-25T18:40:57.459973+00:00
AAPL.NAS,2022-09-02,done,83,2026-03-25T18:42:54.949150+00:00
AAPL.NAS,2022-09-03,done,21,2026-03-25T18:43:14.710109+00:00
AAPL.NAS,2022-09-04,done,8,2026-03-25T18:44:21.836267+00:00
AAPL.NAS,2022-09-05,done,32,2026-03-25T18:45:29.802778+00:00
AAPL.NAS,2022-09-06,done,111,2026-03-25T18:45:52.959645+00:00
AAPL.NAS,2022-09-07,done,193,2026-03-25T18:46:23.159136+00:00
AAPL.NAS,2022-09-08,done,139,2026-03-25T18:46:41.965734+00:00
AAPL.NAS,2022-09-09,done,111,2026-03-25T18:47:02.666927+00:00
AAPL.NAS,2022-09-10,done,25,2026-03-25T18:47:24.307205+00:00
AAPL.NAS,2022-09-11,done,12,2026-03-25T18:48:27.355948+00:00
AAPL.NAS,2022-09-12,done,88,2026-03-25T18:48:59.946946+00:00
AAPL.NAS,2022-09-13,done,129,2026-03-25T18:49:53.964362+00:00
AAPL.NAS,2022-09-14,done,114,2026-03-25T18:56:31.804728+00:00
AAPL.NAS,2022-09-15,done,86,2026-03-25T18:57:38.836085+00:00
AAPL.NAS,2022-09-16,done,66,2026-03-25T18:59:31.409733+00:00
AAPL.NAS,2022-09-17,done,20,2026-03-25T18:59:54.399020+00:00
AAPL.NAS,2022-09-18,done,21,2026-03-25T19:00:17.326886+00:00
AAPL.NAS,2022-09-19,done,74,2026-03-25T19:01:08.913945+00:00
AAPL.NAS,2022-09-20,done,123,2026-03-25T19:03:53.609436+00:00
AAPL.NAS,2022-09-21,done,93,2026-03-25T19:05:33.495712+00:00
AAPL.NAS,2022-09-22,done,124,2026-03-25T19:07:56.143893+00:00
AAPL.NAS,2022-09-23,done,75,2026-03-25T19:08:20.579763+00:00
AAPL.NAS,2022-09-24,done,22,2026-03-25T19:10:23.684771+00:00
AAPL.NAS,2022-09-25,done,17,2026-03-25T19:11:17.071946+00:00
AAPL.NAS,2022-09-26,done,165,2026-03-25T19:12:18.279223+00:00
AAPL.NAS,2022-09-27,done,107,2026-03-25T19:14:00.430714+00:00
AAPL.NAS,2022-09-28,done,192,2026-03-25T19:18:22.212227+00:00
AAPL.NAS,2022-09-29,done,166,2026-03-25T19:19:58.493520+00:00
AAPL.NAS,2022-09-30,done,153,2026-03-25T19:22:49.698714+00:00
AAPL.NAS,2022-10-01,done,25,2026-03-25T19:23:59.691150+00:00
AAPL.NAS,2022-10-02,done,30,2026-03-25T19:25:01.614431+00:00
AAPL.NAS,2022-10-03,done,152,2026-03-25T19:26:50.587600+00:00
AAPL.NAS,2022-10-04,done,147,2026-03-25T19:28:28.800513+00:00
AAPL.NAS,2022-10-05,done,105,2026-03-25T19:29:35.624306+00:00
AAPL.NAS,2022-10-06,done,89,2026-03-25T19:29:56.823917+00:00
AAPL.NAS,2022-10-07,done,164,2026-03-25T19:34:53.245325+00:00
AAPL.NAS,2022-10-08,done,58,2026-03-25T19:36:29.755967+00:00
AAPL.NAS,2022-10-09,done,30,2026-03-25T19:37:30.293314+00:00
AAPL.NAS,2022-10-10,done,76,2026-03-25T19:37:46.708916+00:00
AAPL.NAS,2022-10-11,done,101,2026-03-25T19:38:22.729077+00:00
AAPL.NAS,2022-10-12,done,97,2026-03-25T19:38:49.144339+00:00
AAPL.NAS,2022-10-13,done,148,2026-03-25T19:41:18.292832+00:00
AAPL.NAS,2022-10-14,done,64,2026-03-25T19:42:12.327048+00:00
AAPL.NAS,2022-10-15,done,33,2026-03-25T19:44:17.644406+00:00
AAPL.NAS,2022-10-16,done,29,2026-03-25T19:44:49.302570+00:00
AAPL.NAS,2022-10-17,done,148,2026-03-25T19:46:40.967545+00:00
AAPL.NAS,2022-10-18,done,197,2026-03-25T19:47:56.435337+00:00
AAPL.NAS,2022-10-19,done,134,2026-03-25T19:50:58.786691+00:00
AAPL.NAS,2022-10-20,done,129,2026-03-25T19:52:16.350915+00:00
AAPL.NAS,2022-10-21,done,105,2026-03-25T19:52:40.803703+00:00
AAPL.NAS,2022-10-22,done,24,2026-03-25T19:53:59.590087+00:00
AAPL.NAS,2022-10-23,done,19,2026-03-25T19:54:22.396128+00:00
AAPL.NAS,2022-10-24,done,142,2026-03-25T19:54:49.689181+00:00
AAPL.NAS,2022-10-25,done,125,2026-03-25T19:56:38.729558+00:00
AAPL.NAS,2022-10-26,done,102,2026-03-25T20:01:07.669661+00:00
AAPL.NAS,2022-10-27,done,152,2026-03-25T20:03:38.493825+00:00
AAPL.NAS,2022-10-28,done,217,2026-03-25T20:04:41.914475+00:00
AAPL.NAS,2022-10-29,done,40,2026-03-25T20:05:11.396507+00:00
AAPL.NAS,2022-10-30,done,69,2026-03-25T20:07:02.722620+00:00
AAPL.NAS,2022-10-31,done,250,2026-03-25T20:07:28.247738+00:00
AAPL.NAS,2022-11-01,done,240,2026-03-25T20:07:49.541093+00:00
AAPL.NAS,2022-11-02,done,163,2026-03-25T20:08:22.570311+00:00
AAPL.NAS,2022-11-03,done,184,2026-03-25T20:09:30.993391+00:00
AAPL.NAS,2022-11-04,done,119,2026-03-25T20:10:05.338721+00:00
AAPL.NAS,2022-11-05,done,29,2026-03-25T20:11:38.891664+00:00
AAPL.NAS,2022-11-06,done,30,2026-03-25T20:12:03.289344+00:00
AAPL.NAS,2022-11-07,done,250,2026-03-25T20:13:07.647455+00:00
AAPL.NAS,2022-11-08,done,116,2026-03-25T20:16:07.470247+00:00
AAPL.NAS,2022-11-09,done,125,2026-03-25T20:17:00.192003+00:00
AAPL.NAS,2022-11-10,done,126,2026-03-25T20:17:20.484888+00:00
AAPL.NAS,2022-11-11,done,12,2026-03-25T20:20:00.345888+00:00
AAPL.NAS,2022-11-12,done,108,2026-03-25T20:20:51.430362+00:00
AAPL.NAS,2022-11-13,done,21,2026-03-25T20:21:41.635923+00:00
AAPL.NAS,2022-11-14,done,54,2026-03-25T20:23:56.322428+00:00
AAPL.NAS,2022-11-15,done,129,2026-03-25T20:26:05.691926+00:00
AAPL.NAS,2022-11-16,done,87,2026-03-25T20:28:34.318295+00:00
AAPL.NAS,2022-11-17,done,206,2026-03-25T20:28:55.422689+00:00
AAPL.NAS,2022-11-18,done,54,2026-03-25T20:29:53.128702+00:00
AAPL.NAS,2022-11-19,done,80,2026-03-25T20:30:15.602749+00:00
AAPL.NAS,2022-11-20,done,17,2026-03-25T20:30:38.581225+00:00
AAPL.NAS,2022-11-21,done,86,2026-03-25T20:31:02.804221+00:00
AAPL.NAS,2022-11-22,done,100,2026-03-25T20:34:07.601815+00:00
AAPL.NAS,2022-11-23,done,250,2026-03-25T20:35:26.755816+00:00
AAPL.NAS,2022-11-24,done,250,2026-03-25T20:37:44.717702+00:00
AAPL.NAS,2022-11-25,done,107,2026-03-25T20:38:06.218961+00:00
AAPL.NAS,2022-11-26,done,32,2026-03-25T20:39:34.863574+00:00
AAPL.NAS,2022-11-27,done,14,2026-03-25T20:42:40.331247+00:00
AAPL.NAS,2022-11-28,done,180,2026-03-25T20:43:10.246944+00:00
AAPL.NAS,2022-11-29,done,178,2026-03-25T20:44:07.399653+00:00
AAPL.NAS,2022-11-30,done,140,2026-03-25T20:44:36.886932+00:00
AAPL.NAS,2022-12-01,done,123,2026-03-25T20:44:49.033572+00:00
AAPL.NAS,2022-12-02,done,105,2026-03-25T20:45:59.360055+00:00
AAPL.NAS,2022-12-03,done,34,2026-03-25T20:46:13.897202+00:00
AAPL.NAS,2022-12-04,done,51,2026-03-25T20:46:48.414375+00:00
AAPL.NAS,2022-12-05,done,109,2026-03-25T20:47:16.803499+00:00
AAPL.NAS,2022-12-06,done,176,2026-03-25T20:49:22.222567+00:00
AAPL.NAS,2022-12-07,done,135,2026-03-25T20:49:46.189067+00:00
AAPL.NAS,2022-12-08,done,140,2026-03-25T20:53:03.935245+00:00
AAPL.NAS,2022-12-09,done,90,2026-03-25T20:57:55.152386+00:00
AAPL.NAS,2022-12-10,done,17,2026-03-25T20:58:54.756850+00:00
AAPL.NAS,2022-12-11,done,18,2026-03-25T21:01:25.579625+00:00
AAPL.NAS,2022-12-12,done,66,2026-03-25T21:02:02.482698+00:00
AAPL.NAS,2022-12-13,done,88,2026-03-25T21:02:20.770827+00:00
AAPL.NAS,2022-12-14,done,89,2026-03-25T21:02:45.829631+00:00
AAPL.NAS,2022-12-15,done,130,2026-03-25T21:03:59.357018+00:00
AAPL.NAS,2022-12-16,done,113,2026-03-25T21:08:13.450665+00:00
AAPL.NAS,2022-12-17,done,21,2026-03-25T21:09:19.781954+00:00
AAPL.NAS,2022-12-18,done,42,2026-03-25T21:10:32.203059+00:00
AAPL.NAS,2022-12-19,done,82,2026-03-25T21:12:13.072653+00:00
AAPL.NAS,2022-12-20,done,82,2026-03-25T21:12:42.556617+00:00
AAPL.NAS,2022-12-21,done,71,2026-03-25T21:13:38.982679+00:00
AAPL.NAS,2022-12-22,done,90,2026-03-25T21:15:11.818954+00:00
AAPL.NAS,2022-12-23,done,66,2026-03-25T21:16:52.557467+00:00
AAPL.NAS,2022-12-24,done,25,2026-03-25T21:18:20.398002+00:00
AAPL.NAS,2022-12-25,done,13,2026-03-25T21:18:42.990285+00:00
AAPL.NAS,2022-12-26,done,29,2026-03-25T21:20:15.741316+00:00
AAPL.NAS,2022-12-27,done,83,2026-03-25T21:21:14.727017+00:00
AAPL.NAS,2022-12-28,done,103,2026-03-25T21:23:07.575607+00:00
AAPL.NAS,2022-12-29,done,124,2026-03-25T21:25:09.277530+00:00
AAPL.NAS,2022-12-30,done,88,2026-03-25T21:25:35.653278+00:00
AAPL.NAS,2022-12-31,done,23,2026-03-25T21:26:37.264612+00:00
MSFT.NAS,2022-01-01,done,234,2026-03-25T21:27:04.302723+00:00
MSFT.NAS,2022-01-02,done,187,2026-03-25T21:27:38.490307+00:00
MSFT.NAS,2022-01-03,done,250,2026-03-25T21:29:38.475079+00:00
MSFT.NAS,2022-01-04,done,250,2026-03-25T21:29:58.920667+00:00
MSFT.NAS,2022-01-05,done,250,2026-03-25T21:32:46.801839+00:00
MSFT.NAS,2022-01-06,done,250,2026-03-25T21:33:39.515421+00:00
MSFT.NAS,2022-01-07,done,250,2026-03-25T21:34:50.686603+00:00
MSFT.NAS,2022-01-08,done,250,2026-03-25T21:38:18.474659+00:00
MSFT.NAS,2022-01-09,done,165,2026-03-25T21:38:42.679157+00:00
MSFT.NAS,2022-01-10,done,250,2026-03-25T21:39:09.696312+00:00
MSFT.NAS,2022-01-11,done,250,2026-03-25T21:39:32.762842+00:00
MSFT.NAS,2022-01-12,done,250,2026-03-25T21:41:37.262263+00:00
MSFT.NAS,2022-01-13,done,250,2026-03-25T21:42:13.709846+00:00
MSFT.NAS,2022-01-14,done,250,2026-03-25T21:42:25.317484+00:00
MSFT.NAS,2022-01-15,done,250,2026-03-25T21:44:49.861872+00:00
MSFT.NAS,2022-01-16,done,250,2026-03-25T21:45:05.117487+00:00
MSFT.NAS,2022-01-17,done,250,2026-03-25T21:46:28.837155+00:00
MSFT.NAS,2022-01-18,done,250,2026-03-25T21:47:29.146294+00:00
MSFT.NAS,2022-01-19,done,250,2026-03-25T21:48:53.795702+00:00
MSFT.NAS,2022-01-20,done,250,2026-03-25T21:50:03.443080+00:00
MSFT.NAS,2022-01-21,done,250,2026-03-25T21:52:33.001671+00:00
MSFT.NAS,2022-01-22,done,250,2026-03-25T21:54:32.793796+00:00
MSFT.NAS,2022-01-23,done,250,2026-03-25T21:55:09.118031+00:00
MSFT.NAS,2022-01-24,done,250,2026-03-25T21:56:36.032423+00:00
MSFT.NAS,2022-01-25,done,250,2026-03-25T21:56:50.821532+00:00
MSFT.NAS,2022-01-26,done,250,2026-03-25T21:57:08.152897+00:00
MSFT.NAS,2022-01-27,done,250,2026-03-25T21:58:36.834284+00:00
MSFT.NAS,2022-01-28,done,250,2026-03-25T21:59:02.858177+00:00
MSFT.NAS,2022-01-29,done,250,2026-03-25T21:59:36.223366+00:00
MSFT.NAS,2022-01-30,done,250,2026-03-25T21:59:47.400627+00:00
MSFT.NAS,2022-01-31,done,250,2026-03-25T21:59:57.871979+00:00
MSFT.NAS,2022-02-01,done,250,2026-03-25T22:01:58.469116+00:00
MSFT.NAS,2022-02-02,done,250,2026-03-25T22:02:16.111792+00:00
MSFT.NAS,2022-02-03,done,250,2026-03-25T22:04:04.727763+00:00
MSFT.NAS,2022-02-04,done,250,2026-03-25T22:05:57.380025+00:00
MSFT.NAS,2022-02-05,done,250,2026-03-25T22:09:09.958056+00:00
MSFT.NAS,2022-02-06,done,250,2026-03-25T22:12:12.521474+00:00
MSFT.NAS,2022-02-07,done,250,2026-03-25T22:15:17.747533+00:00
MSFT.NAS,2022-02-08,done,250,2026-03-25T22:17:27.614845+00:00
MSFT.NAS,2022-02-09,done,250,2026-03-25T22:20:39.343102+00:00
MSFT.NAS,2022-02-10,done,250,2026-03-25T22:22:12.454551+00:00
MSFT.NAS,2022-02-11,done,250,2026-03-25T22:22:44.756524+00:00
MSFT.NAS,2022-02-12,done,250,2026-03-25T22:24:17.698757+00:00
MSFT.NAS,2022-02-13,done,250,2026-03-25T22:24:54.633483+00:00
MSFT.NAS,2022-02-14,done,250,2026-03-25T22:25:05.679076+00:00
MSFT.NAS,2022-02-15,done,250,2026-03-25T22:25:34.045206+00:00
MSFT.NAS,2022-02-16,done,250,2026-03-25T22:26:49.682109+00:00
MSFT.NAS,2022-02-17,done,250,2026-03-25T22:28:15.050946+00:00
MSFT.NAS,2022-02-18,done,250,2026-03-25T22:28:41.058858+00:00
MSFT.NAS,2022-02-19,done,250,2026-03-25T22:28:51.973840+00:00
MSFT.NAS,2022-02-20,done,250,2026-03-25T22:29:10.294916+00:00
MSFT.NAS,2022-02-21,done,250,2026-03-25T22:29:30.864627+00:00
MSFT.NAS,2022-02-22,done,250,2026-03-25T22:33:17.470518+00:00
MSFT.NAS,2022-02-23,done,250,2026-03-25T22:34:23.967258+00:00
MSFT.NAS,2022-02-24,done,250,2026-03-25T22:35:18.455718+00:00
MSFT.NAS,2022-02-25,done,250,2026-03-25T22:35:40.566900+00:00
MSFT.NAS,2022-02-26,done,250,2026-03-25T22:36:25.898785+00:00
MSFT.NAS,2022-02-27,done,250,2026-03-25T22:36:46.303632+00:00
MSFT.NAS,2022-02-28,done,250,2026-03-25T22:37:48.661041+00:00
MSFT.NAS,2022-03-01,done,250,2026-03-25T22:39:30.925992+00:00
MSFT.NAS,2022-03-02,done,250,2026-03-25T22:40:44.348027+00:00
MSFT.NAS,2022-03-03,done,250,2026-03-25T22:43:49.599283+00:00
MSFT.NAS,2022-03-04,done,250,2026-03-25T22:44:17.780400+00:00
MSFT.NAS,2022-03-05,done,250,2026-03-25T22:44:40.355014+00:00
MSFT.NAS,2022-03-06,done,250,2026-03-25T22:45:19.951764+00:00
MSFT.NAS,2022-03-07,done,250,2026-03-25T22:45:51.600592+00:00
MSFT.NAS,2022-03-08,done,250,2026-03-25T22:46:08.873101+00:00
MSFT.NAS,2022-03-09,done,250,2026-03-25T22:46:19.715050+00:00
MSFT.NAS,2022-03-10,done,250,2026-03-25T22:46:36.197994+00:00
MSFT.NAS,2022-03-11,done,250,2026-03-25T22:46:56.649497+00:00
MSFT.NAS,2022-03-12,done,250,2026-03-25T22:47:21.027869+00:00
MSFT.NAS,2022-03-13,done,250,2026-03-25T22:47:56.115826+00:00
MSFT.NAS,2022-03-14,done,250,2026-03-25T22:48:41.981087+00:00
MSFT.NAS,2022-03-15,done,250,2026-03-25T22:49:09.412036+00:00
MSFT.NAS,2022-03-16,done,250,2026-03-25T22:49:36.284805+00:00
MSFT.NAS,2022-03-17,done,250,2026-03-25T22:49:55.961899+00:00
MSFT.NAS,2022-03-18,done,250,2026-03-25T22:50:25.536763+00:00
MSFT.NAS,2022-03-19,done,250,2026-03-25T22:52:52.334988+00:00
MSFT.NAS,2022-03-20,done,250,2026-03-25T22:53:22.811851+00:00
MSFT.NAS,2022-03-21,done,250,2026-03-25T22:54:34.631005+00:00
MSFT.NAS,2022-03-22,done,250,2026-03-25T22:54:59.441612+00:00
MSFT.NAS,2022-03-23,done,250,2026-03-25T22:55:37.373452+00:00
MSFT.NAS,2022-03-24,json_fixed,250,2026-03-25T22:56:10.778104+00:00
MSFT.NAS,2022-03-25,done,250,2026-03-25T22:56:34.833968+00:00
MSFT.NAS,2022-03-26,done,250,2026-03-25T22:57:12.712579+00:00
MSFT.NAS,2022-03-27,done,250,2026-03-25T22:58:07.927106+00:00
MSFT.NAS,2022-03-28,done,250,2026-03-25T22:58:21.380518+00:00
MSFT.NAS,2022-03-29,done,250,2026-03-25T22:58:34.502545+00:00
MSFT.NAS,2022-03-30,done,250,2026-03-25T22:59:01.232023+00:00
MSFT.NAS,2022-03-31,done,250,2026-03-25T22:59:21.649047+00:00
MSFT.NAS,2022-04-01,done,250,2026-03-25T22:59:48.882708+00:00
MSFT.NAS,2022-04-02,done,250,2026-03-25T23:01:46.849626+00:00
MSFT.NAS,2022-04-03,done,250,2026-03-26T08:32:14.863250+00:00
MSFT.NAS,2022-04-04,done,250,2026-03-26T08:33:45.734460+00:00
MSFT.NAS,2022-04-05,done,250,2026-03-26T08:34:12.508806+00:00
MSFT.NAS,2022-04-06,done,250,2026-03-26T08:35:21.570412+00:00
MSFT.NAS,2022-04-07,done,250,2026-03-26T08:35:46.789834+00:00
MSFT.NAS,2022-04-08,done,250,2026-03-26T08:37:37.938777+00:00
MSFT.NAS,2022-04-09,done,250,2026-03-26T08:38:07.171859+00:00
MSFT.NAS,2022-04-10,done,250,2026-03-26T08:39:59.281270+00:00
MSFT.NAS,2022-04-11,done,250,2026-03-26T08:43:40.874552+00:00
MSFT.NAS,2022-04-12,done,250,2026-03-26T08:44:08.598229+00:00
MSFT.NAS,2022-04-13,done,250,2026-03-26T08:44:21.959854+00:00
MSFT.NAS,2022-04-14,done,250,2026-03-26T08:44:36.140111+00:00
MSFT.NAS,2022-04-15,done,250,2026-03-26T08:45:50.708693+00:00
MSFT.NAS,2022-04-16,done,250,2026-03-26T08:46:43.461594+00:00
MSFT.NAS,2022-04-17,done,250,2026-03-26T08:47:07.305369+00:00
MSFT.NAS,2022-04-18,done,250,2026-03-26T08:48:21.389159+00:00
MSFT.NAS,2022-04-19,done,250,2026-03-26T08:49:21.440010+00:00
MSFT.NAS,2022-04-20,done,250,2026-03-26T08:51:03.186409+00:00
MSFT.NAS,2022-04-21,done,250,2026-03-26T08:51:58.601799+00:00
MSFT.NAS,2022-04-22,done,250,2026-03-26T08:52:48.476376+00:00
MSFT.NAS,2022-04-23,done,250,2026-03-26T08:53:09.403433+00:00
MSFT.NAS,2022-04-24,done,250,2026-03-26T08:54:25.929377+00:00
MSFT.NAS,2022-04-25,done,250,2026-03-26T08:54:46.117027+00:00
MSFT.NAS,2022-04-26,done,250,2026-03-26T08:55:07.404955+00:00
MSFT.NAS,2022-04-27,done,250,2026-03-26T08:56:24.542273+00:00
MSFT.NAS,2022-04-28,done,250,2026-03-26T08:57:22.019893+00:00
MSFT.NAS,2022-04-29,done,250,2026-03-26T09:01:06.846123+00:00
MSFT.NAS,2022-04-30,done,250,2026-03-26T09:01:29.584695+00:00
MSFT.NAS,2022-05-01,done,250,2026-03-26T09:02:51.860392+00:00
MSFT.NAS,2022-05-02,done,250,2026-03-26T09:04:45.703962+00:00
MSFT.NAS,2022-05-03,done,250,2026-03-26T09:05:12.095875+00:00
MSFT.NAS,2022-05-04,done,250,2026-03-26T09:05:37.029871+00:00
MSFT.NAS,2022-05-05,done,250,2026-03-26T09:06:53.975242+00:00
MSFT.NAS,2022-05-06,done,250,2026-03-26T09:07:40.254435+00:00
MSFT.NAS,2022-05-07,done,250,2026-03-26T09:08:33.515513+00:00
MSFT.NAS,2022-05-08,done,250,2026-03-26T09:08:49.851609+00:00
MSFT.NAS,2022-05-09,done,250,2026-03-26T09:09:28.067667+00:00
MSFT.NAS,2022-05-10,done,250,2026-03-26T09:09:55.629859+00:00
MSFT.NAS,2022-05-11,done,250,2026-03-26T09:10:43.224601+00:00
MSFT.NAS,2022-05-12,done,250,2026-03-26T09:11:08.270454+00:00
MSFT.NAS,2022-05-13,done,250,2026-03-26T09:12:43.937922+00:00
MSFT.NAS,2022-05-14,done,250,2026-03-26T09:13:27.749969+00:00
MSFT.NAS,2022-05-15,done,250,2026-03-26T09:13:47.220265+00:00
MSFT.NAS,2022-05-16,done,250,2026-03-26T09:14:01.971478+00:00
MSFT.NAS,2022-05-17,done,250,2026-03-26T09:14:12.832219+00:00
MSFT.NAS,2022-05-18,done,250,2026-03-26T09:14:28.510411+00:00
MSFT.NAS,2022-05-19,done,250,2026-03-26T09:14:57.982895+00:00
MSFT.NAS,2022-05-20,done,250,2026-03-26T09:16:34.935313+00:00
MSFT.NAS,2022-05-21,done,250,2026-03-26T09:16:56.829807+00:00
MSFT.NAS,2022-05-22,done,250,2026-03-26T09:19:37.281830+00:00
MSFT.NAS,2022-05-23,done,250,2026-03-26T09:22:36.638901+00:00
MSFT.NAS,2022-05-24,done,250,2026-03-26T09:23:08.565046+00:00
MSFT.NAS,2022-05-25,done,250,2026-03-26T09:24:18.659278+00:00
MSFT.NAS,2022-05-26,done,250,2026-03-26T09:26:05.273584+00:00
MSFT.NAS,2022-05-27,done,250,2026-03-26T09:26:33.680672+00:00
MSFT.NAS,2022-05-28,done,250,2026-03-26T09:26:56.704312+00:00
MSFT.NAS,2022-05-29,done,250,2026-03-26T09:27:19.627962+00:00
MSFT.NAS,2022-05-30,done,250,2026-03-26T09:28:04.356267+00:00
MSFT.NAS,2022-05-31,done,250,2026-03-26T09:28:30.238075+00:00
MSFT.NAS,2022-06-01,done,250,2026-03-26T09:29:26.776391+00:00
MSFT.NAS,2022-06-02,done,250,2026-03-26T09:30:20.443040+00:00
MSFT.NAS,2022-06-03,done,250,2026-03-26T09:31:55.354708+00:00
MSFT.NAS,2022-06-04,done,250,2026-03-26T09:34:40.559440+00:00
MSFT.NAS,2022-06-05,done,250,2026-03-26T09:36:18.003214+00:00
MSFT.NAS,2022-06-06,done,250,2026-03-26T09:42:32.440315+00:00
MSFT.NAS,2022-06-07,done,250,2026-03-26T09:43:32.848711+00:00
MSFT.NAS,2022-06-08,done,250,2026-03-26T09:43:44.213516+00:00
MSFT.NAS,2022-06-09,done,250,2026-03-26T09:44:10.837816+00:00
MSFT.NAS,2022-06-10,done,250,2026-03-26T09:45:27.974638+00:00
MSFT.NAS,2022-06-11,done,250,2026-03-26T09:45:53.622068+00:00
MSFT.NAS,2022-06-12,done,250,2026-03-26T09:46:08.636635+00:00
MSFT.NAS,2022-06-13,done,250,2026-03-26T09:47:17.026353+00:00
MSFT.NAS,2022-06-14,done,250,2026-03-26T09:47:36.163987+00:00
MSFT.NAS,2022-06-15,done,250,2026-03-26T09:47:59.209350+00:00
MSFT.NAS,2022-06-16,done,250,2026-03-26T09:49:35.129582+00:00
MSFT.NAS,2022-06-17,done,250,2026-03-26T09:50:02.928227+00:00
MSFT.NAS,2022-06-18,done,250,2026-03-26T09:50:26.113487+00:00
MSFT.NAS,2022-06-19,done,250,2026-03-26T09:50:45.220947+00:00
MSFT.NAS,2022-06-20,done,250,2026-03-26T09:51:16.289315+00:00
MSFT.NAS,2022-06-21,done,250,2026-03-26T09:51:53.957773+00:00
MSFT.NAS,2022-06-22,done,250,2026-03-26T09:53:56.335939+00:00
MSFT.NAS,2022-06-23,done,250,2026-03-26T09:54:17.788467+00:00
MSFT.NAS,2022-06-24,done,250,2026-03-26T09:54:40.284248+00:00
MSFT.NAS,2022-06-25,done,250,2026-03-26T09:55:38.664495+00:00
MSFT.NAS,2022-06-26,done,250,2026-03-26T09:57:29.679676+00:00
MSFT.NAS,2022-06-27,done,250,2026-03-26T09:58:25.211538+00:00
MSFT.NAS,2022-06-28,done,250,2026-03-26T09:59:07.363698+00:00
MSFT.NAS,2022-06-29,done,250,2026-03-26T10:00:04.953294+00:00
MSFT.NAS,2022-06-30,done,250,2026-03-26T10:00:56.891573+00:00
MSFT.NAS,2022-07-01,done,250,2026-03-26T10:01:41.437930+00:00
MSFT.NAS,2022-07-02,done,250,2026-03-26T10:03:16.510917+00:00
MSFT.NAS,2022-07-03,done,238,2026-03-26T10:07:16.047896+00:00
MSFT.NAS,2022-07-04,done,250,2026-03-26T10:10:02.154690+00:00
MSFT.NAS,2022-07-05,done,250,2026-03-26T10:11:14.486349+00:00
MSFT.NAS,2022-07-06,done,250,2026-03-26T10:12:17.664064+00:00
MSFT.NAS,2022-07-07,done,250,2026-03-26T10:13:30.026904+00:00
MSFT.NAS,2022-07-08,done,250,2026-03-26T10:14:29.970011+00:00
MSFT.NAS,2022-07-09,done,250,2026-03-26T10:14:54.015367+00:00
MSFT.NAS,2022-07-10,done,250,2026-03-26T10:15:16.412037+00:00
MSFT.NAS,2022-07-11,done,250,2026-03-26T10:15:46.687089+00:00
MSFT.NAS,2022-07-12,done,250,2026-03-26T10:18:42.313092+00:00
MSFT.NAS,2022-07-13,done,250,2026-03-26T10:19:10.610546+00:00
MSFT.NAS,2022-07-14,done,250,2026-03-26T10:19:53.230611+00:00
MSFT.NAS,2022-07-15,done,250,2026-03-26T10:21:12.687664+00:00
MSFT.NAS,2022-07-16,done,250,2026-03-26T10:22:17.619632+00:00
MSFT.NAS,2022-07-17,done,250,2026-03-26T10:22:41.375572+00:00
MSFT.NAS,2022-07-18,done,250,2026-03-26T10:23:44.237673+00:00
MSFT.NAS,2022-07-19,done,250,2026-03-26T10:24:57.560415+00:00
MSFT.NAS,2022-07-20,done,250,2026-03-26T10:26:14.525604+00:00
MSFT.NAS,2022-07-21,done,250,2026-03-26T10:26:40.827591+00:00
MSFT.NAS,2022-07-22,done,250,2026-03-26T10:28:16.122562+00:00
MSFT.NAS,2022-07-23,done,250,2026-03-26T10:34:55.073237+00:00
MSFT.NAS,2022-07-24,done,250,2026-03-26T10:35:22.061848+00:00
MSFT.NAS,2022-07-25,done,250,2026-03-26T10:35:51.420810+00:00
MSFT.NAS,2022-07-26,done,250,2026-03-26T10:37:36.798459+00:00
MSFT.NAS,2022-07-27,done,250,2026-03-26T10:41:12.728987+00:00
MSFT.NAS,2022-07-28,done,250,2026-03-26T10:42:35.081851+00:00
MSFT.NAS,2022-07-29,done,250,2026-03-26T10:43:13.607525+00:00
MSFT.NAS,2022-07-30,done,250,2026-03-26T10:43:27.588859+00:00
MSFT.NAS,2022-07-31,done,250,2026-03-26T10:43:39.501611+00:00
MSFT.NAS,2022-08-01,done,250,2026-03-26T10:44:19.271435+00:00
MSFT.NAS,2022-08-02,done,250,2026-03-26T10:44:38.731727+00:00
MSFT.NAS,2022-08-03,done,250,2026-03-26T10:45:03.540729+00:00
MSFT.NAS,2022-08-04,done,250,2026-03-26T10:47:57.801931+00:00
MSFT.NAS,2022-08-05,done,250,2026-03-26T10:48:36.898901+00:00
MSFT.NAS,2022-08-06,done,250,2026-03-26T10:49:24.433623+00:00
MSFT.NAS,2022-08-07,done,214,2026-03-26T10:50:59.456788+00:00
MSFT.NAS,2022-08-08,done,250,2026-03-26T10:51:23.629946+00:00
MSFT.NAS,2022-08-09,done,250,2026-03-26T10:53:44.242020+00:00
MSFT.NAS,2022-08-10,done,250,2026-03-26T10:54:07.186744+00:00
MSFT.NAS,2022-08-11,done,250,2026-03-26T10:54:49.703058+00:00
MSFT.NAS,2022-08-12,done,250,2026-03-26T10:55:06.827332+00:00
MSFT.NAS,2022-08-13,done,250,2026-03-26T10:55:35.875942+00:00
MSFT.NAS,2022-08-14,done,250,2026-03-26T10:56:34.534574+00:00
MSFT.NAS,2022-08-15,done,250,2026-03-26T10:56:57.657148+00:00
MSFT.NAS,2022-08-16,done,250,2026-03-26T10:58:13.049390+00:00
MSFT.NAS,2022-08-17,done,250,2026-03-26T10:58:41.188701+00:00
MSFT.NAS,2022-08-18,done,250,2026-03-26T11:00:57.424181+00:00
MSFT.NAS,2022-08-19,done,250,2026-03-26T11:01:44.024342+00:00
MSFT.NAS,2022-08-20,done,250,2026-03-26T11:03:04.250583+00:00
MSFT.NAS,2022-08-21,done,198,2026-03-26T11:03:25.922663+00:00
MSFT.NAS,2022-08-22,done,250,2026-03-26T11:05:58.394035+00:00
MSFT.NAS,2022-08-23,done,250,2026-03-26T11:06:23.489568+00:00
MSFT.NAS,2022-08-24,done,250,2026-03-26T11:06:55.015851+00:00
MSFT.NAS,2022-08-25,done,250,2026-03-26T11:09:00.819818+00:00
MSFT.NAS,2022-08-26,done,250,2026-03-26T11:09:20.190078+00:00
MSFT.NAS,2022-08-27,done,250,2026-03-26T11:09:45.709566+00:00
MSFT.NAS,2022-08-28,done,250,2026-03-26T11:13:54.920271+00:00
MSFT.NAS,2022-08-29,done,250,2026-03-26T11:14:15.714228+00:00
MSFT.NAS,2022-08-30,done,250,2026-03-26T11:16:29.115356+00:00
MSFT.NAS,2022-08-31,done,250,2026-03-26T11:18:42.842760+00:00
MSFT.NAS,2022-09-01,done,250,2026-03-26T11:19:11.600255+00:00
MSFT.NAS,2022-09-02,done,250,2026-03-26T11:19:32.133828+00:00
MSFT.NAS,2022-09-03,done,250,2026-03-26T11:23:28.845765+00:00
MSFT.NAS,2022-09-04,done,250,2026-03-26T11:24:31.985338+00:00
MSFT.NAS,2022-09-05,done,250,2026-03-26T11:25:00.498334+00:00
MSFT.NAS,2022-09-06,done,250,2026-03-26T11:25:22.207205+00:00
MSFT.NAS,2022-09-07,done,250,2026-03-26T11:27:30.858956+00:00
MSFT.NAS,2022-09-08,done,250,2026-03-26T11:28:04.405991+00:00
MSFT.NAS,2022-09-09,done,250,2026-03-26T11:30:47.880239+00:00
MSFT.NAS,2022-09-10,done,250,2026-03-26T11:32:06.300788+00:00
MSFT.NAS,2022-09-11,done,178,2026-03-26T11:33:07.649211+00:00
MSFT.NAS,2022-09-12,done,250,2026-03-26T11:34:11.246136+00:00
MSFT.NAS,2022-09-13,done,250,2026-03-26T11:35:35.560585+00:00
MSFT.NAS,2022-09-14,done,250,2026-03-26T11:37:14.487010+00:00
MSFT.NAS,2022-09-15,done,250,2026-03-26T11:38:25.443640+00:00
MSFT.NAS,2022-09-16,done,250,2026-03-26T11:42:07.214222+00:00
MSFT.NAS,2022-09-17,done,249,2026-03-26T11:42:33.115971+00:00
MSFT.NAS,2022-09-18,done,250,2026-03-26T11:43:28.407579+00:00
MSFT.NAS,2022-09-19,done,250,2026-03-26T11:44:48.303551+00:00
MSFT.NAS,2022-09-20,done,250,2026-03-26T11:45:45.700642+00:00
MSFT.NAS,2022-09-21,done,250,2026-03-26T11:47:04.025268+00:00
MSFT.NAS,2022-09-22,done,250,2026-03-26T11:48:03.535191+00:00
MSFT.NAS,2022-09-23,done,250,2026-03-26T11:51:22.803940+00:00
MSFT.NAS,2022-09-24,done,250,2026-03-26T11:51:45.492496+00:00
MSFT.NAS,2022-09-25,done,250,2026-03-26T11:52:05.810986+00:00
MSFT.NAS,2022-09-26,done,250,2026-03-26T11:53:10.065549+00:00
MSFT.NAS,2022-09-27,done,250,2026-03-26T11:57:36.471625+00:00
MSFT.NAS,2022-09-28,done,250,2026-03-26T11:58:05.411417+00:00
MSFT.NAS,2022-09-29,done,250,2026-03-26T12:00:15.755370+00:00
MSFT.NAS,2022-09-30,done,250,2026-03-26T12:03:07.190964+00:00
MSFT.NAS,2022-10-01,done,250,2026-03-26T12:04:08.347653+00:00
MSFT.NAS,2022-10-02,done,216,2026-03-26T12:04:33.858269+00:00
MSFT.NAS,2022-10-03,done,250,2026-03-26T12:06:57.724268+00:00
MSFT.NAS,2022-10-04,done,250,2026-03-26T12:09:32.012959+00:00
MSFT.NAS,2022-10-05,done,250,2026-03-26T12:12:31.845861+00:00
MSFT.NAS,2022-10-06,done,250,2026-03-26T12:17:03.478487+00:00
MSFT.NAS,2022-10-07,done,250,2026-03-26T12:18:00.331263+00:00
MSFT.NAS,2022-10-08,done,250,2026-03-26T12:19:34.443026+00:00
MSFT.NAS,2022-10-09,done,190,2026-03-26T12:20:01.018037+00:00
MSFT.NAS,2022-10-10,done,250,2026-03-26T12:20:31.096166+00:00
MSFT.NAS,2022-10-11,done,250,2026-03-26T12:20:54.586378+00:00
MSFT.NAS,2022-10-12,done,250,2026-03-26T12:21:19.853424+00:00
MSFT.NAS,2022-10-13,done,250,2026-03-26T12:25:13.064286+00:00
MSFT.NAS,2022-10-14,done,250,2026-03-26T12:26:39.823565+00:00
MSFT.NAS,2022-10-15,done,250,2026-03-26T12:28:18.786712+00:00
MSFT.NAS,2022-10-16,done,250,2026-03-26T12:28:34.437691+00:00
MSFT.NAS,2022-10-17,done,250,2026-03-26T12:28:50.607069+00:00
MSFT.NAS,2022-10-18,done,250,2026-03-26T12:29:21.468632+00:00
MSFT.NAS,2022-10-19,done,250,2026-03-26T12:30:13.621778+00:00
MSFT.NAS,2022-10-20,done,250,2026-03-26T12:31:59.197061+00:00
MSFT.NAS,2022-10-21,done,250,2026-03-26T12:32:55.296115+00:00
MSFT.NAS,2022-10-22,done,250,2026-03-26T12:35:59.312043+00:00
MSFT.NAS,2022-10-23,done,183,2026-03-26T12:37:09.589355+00:00
MSFT.NAS,2022-10-24,done,250,2026-03-26T12:37:30.981145+00:00
MSFT.NAS,2022-10-25,done,250,2026-03-26T12:38:29.729951+00:00
MSFT.NAS,2022-10-26,done,250,2026-03-26T12:39:29.460268+00:00
MSFT.NAS,2022-10-27,done,250,2026-03-26T12:40:40.935504+00:00
MSFT.NAS,2022-10-28,done,250,2026-03-26T12:42:15.401551+00:00
MSFT.NAS,2022-10-29,done,250,2026-03-26T12:42:37.692621+00:00
MSFT.NAS,2022-10-30,done,184,2026-03-26T12:43:07.377059+00:00
MSFT.NAS,2022-10-31,done,250,2026-03-26T12:43:56.075375+00:00
MSFT.NAS,2022-11-01,done,250,2026-03-26T12:44:27.563338+00:00
MSFT.NAS,2022-11-02,done,250,2026-03-26T12:44:54.157259+00:00
MSFT.NAS,2022-11-03,done,250,2026-03-26T12:47:10.893640+00:00
MSFT.NAS,2022-11-04,done,250,2026-03-26T12:47:46.230011+00:00
MSFT.NAS,2022-11-05,done,250,2026-03-26T12:48:36.707349+00:00
MSFT.NAS,2022-11-06,done,250,2026-03-26T12:49:15.477950+00:00
MSFT.NAS,2022-11-07,done,250,2026-03-26T12:50:08.944032+00:00
MSFT.NAS,2022-11-08,done,250,2026-03-26T12:52:12.241547+00:00
MSFT.NAS,2022-11-09,done,250,2026-03-26T12:52:31.231092+00:00
MSFT.NAS,2022-11-10,done,250,2026-03-26T12:52:51.155496+00:00
MSFT.NAS,2022-11-11,done,108,2026-03-26T12:53:58.691492+00:00
MSFT.NAS,2022-11-12,done,250,2026-03-26T12:54:29.533896+00:00
MSFT.NAS,2022-11-13,done,217,2026-03-26T12:54:54.950585+00:00
MSFT.NAS,2022-11-14,done,250,2026-03-26T12:55:21.885508+00:00
MSFT.NAS,2022-11-15,done,250,2026-03-26T12:55:44.247963+00:00
MSFT.NAS,2022-11-16,done,250,2026-03-26T12:56:09.070492+00:00
MSFT.NAS,2022-11-17,done,250,2026-03-26T12:57:03.816551+00:00
MSFT.NAS,2022-11-18,done,250,2026-03-26T12:58:39.418783+00:00
MSFT.NAS,2022-11-19,done,250,2026-03-26T12:59:50.503254+00:00
MSFT.NAS,2022-11-20,done,250,2026-03-26T13:01:34.961489+00:00
MSFT.NAS,2022-11-21,done,250,2026-03-26T13:03:07.917666+00:00
MSFT.NAS,2022-11-22,done,250,2026-03-26T13:03:37.928422+00:00
MSFT.NAS,2022-11-23,done,250,2026-03-26T13:06:18.081210+00:00
MSFT.NAS,2022-11-24,json_fixed,250,2026-03-26T13:06:54.459971+00:00
MSFT.NAS,2022-11-25,done,250,2026-03-26T13:07:49.038130+00:00
MSFT.NAS,2022-11-26,done,250,2026-03-26T13:08:38.345562+00:00
MSFT.NAS,2022-11-27,done,250,2026-03-26T13:10:12.497480+00:00
MSFT.NAS,2022-11-28,done,250,2026-03-26T13:10:40.938111+00:00
MSFT.NAS,2022-11-29,done,250,2026-03-26T13:11:08.978148+00:00
MSFT.NAS,2022-11-30,done,250,2026-03-26T13:11:45.247329+00:00
MSFT.NAS,2022-12-01,done,250,2026-03-26T13:12:43.045842+00:00
MSFT.NAS,2022-12-02,done,250,2026-03-26T13:16:59.798156+00:00
MSFT.NAS,2022-12-03,done,250,2026-03-26T13:17:57.175839+00:00
MSFT.NAS,2022-12-04,done,243,2026-03-26T13:18:29.078381+00:00
MSFT.NAS,2022-12-05,done,250,2026-03-26T13:19:09.286016+00:00
MSFT.NAS,2022-12-06,done,250,2026-03-26T13:19:37.986215+00:00
MSFT.NAS,2022-12-07,done,250,2026-03-26T13:20:01.162784+00:00
MSFT.NAS,2022-12-08,done,250,2026-03-26T13:20:59.830940+00:00
MSFT.NAS,2022-12-09,done,250,2026-03-26T13:26:18.024651+00:00
MSFT.NAS,2022-12-10,done,250,2026-03-26T13:26:42.483483+00:00
MSFT.NAS,2022-12-11,done,210,2026-03-26T13:27:57.991894+00:00
MSFT.NAS,2022-12-12,done,250,2026-03-26T13:28:55.231946+00:00
MSFT.NAS,2022-12-13,done,250,2026-03-26T13:30:02.676179+00:00
MSFT.NAS,2022-12-14,done,250,2026-03-26T13:31:13.438286+00:00
MSFT.NAS,2022-12-15,done,250,2026-03-26T13:31:34.718869+00:00
MSFT.NAS,2022-12-16,done,250,2026-03-26T13:32:12.392188+00:00
MSFT.NAS,2022-12-17,done,250,2026-03-26T13:34:01.431380+00:00
MSFT.NAS,2022-12-18,done,199,2026-03-26T13:34:27.921797+00:00
MSFT.NAS,2022-12-19,done,250,2026-03-26T13:35:32.761410+00:00
MSFT.NAS,2022-12-20,done,250,2026-03-26T13:37:41.019377+00:00
MSFT.NAS,2022-12-21,done,250,2026-03-26T13:39:14.062428+00:00
MSFT.NAS,2022-12-22,done,250,2026-03-26T13:40:04.953344+00:00
MSFT.NAS,2022-12-23,done,250,2026-03-26T13:43:01.735857+00:00
MSFT.NAS,2022-12-24,done,193,2026-03-26T13:45:05.484398+00:00
MSFT.NAS,2022-12-25,done,210,2026-03-26T13:45:41.176879+00:00
MSFT.NAS,2022-12-26,done,250,2026-03-26T13:46:36.843028+00:00
MSFT.NAS,2022-12-27,done,250,2026-03-26T13:47:00.155483+00:00
MSFT.NAS,2022-12-28,done,250,2026-03-26T13:48:42.084633+00:00
MSFT.NAS,2022-12-29,done,250,2026-03-26T13:50:18.758129+00:00
MSFT.NAS,2022-12-30,done,250,2026-03-26T13:51:44.477909+00:00
MSFT.NAS,2022-12-31,done,250,2026-03-26T13:59:11.185981+00:00
NVDA.NAS,2022-01-01,done,29,2026-03-26T14:01:58.715119+00:00
NVDA.NAS,2022-01-02,done,14,2026-03-26T14:05:29.512820+00:00
NVDA.NAS,2022-01-03,done,236,2026-03-26T14:07:39.831264+00:00
NVDA.NAS,2022-01-04,done,0,2026-03-26T14:10:09.415388+00:00
NVDA.NAS,2022-01-05,done,250,2026-03-26T14:10:25.516435+00:00
NVDA.NAS,2022-01-06,done,191,2026-03-26T14:11:26.906536+00:00
NVDA.NAS,2022-01-07,done,250,2026-03-26T14:13:35.362694+00:00
NVDA.NAS,2022-01-08,done,75,2026-03-26T14:14:22.723779+00:00
NVDA.NAS,2022-01-09,done,31,2026-03-26T14:14:37.161412+00:00
NVDA.NAS,2022-01-10,done,144,2026-03-26T14:15:08.878941+00:00
NVDA.NAS,2022-01-11,done,250,2026-03-26T14:15:39.780579+00:00
NVDA.NAS,2022-01-12,done,250,2026-03-26T14:16:10.981498+00:00
NVDA.NAS,2022-01-13,done,250,2026-03-26T14:17:47.315437+00:00
NVDA.NAS,2022-01-14,done,183,2026-03-26T14:19:31.449249+00:00
NVDA.NAS,2022-01-15,done,66,2026-03-26T14:19:53.069467+00:00
NVDA.NAS,2022-01-16,done,26,2026-03-26T14:23:43.729134+00:00
NVDA.NAS,2022-01-17,done,84,2026-03-26T14:24:56.964892+00:00
NVDA.NAS,2022-01-18,done,201,2026-03-26T14:25:18.016752+00:00
NVDA.NAS,2022-01-19,done,250,2026-03-26T14:25:59.320866+00:00
NVDA.NAS,2022-01-20,done,250,2026-03-26T14:27:38.426024+00:00
NVDA.NAS,2022-01-21,done,250,2026-03-26T14:28:04.271924+00:00
NVDA.NAS,2022-01-22,done,57,2026-03-26T14:29:09.060787+00:00
NVDA.NAS,2022-01-23,done,30,2026-03-26T14:30:07.939049+00:00
NVDA.NAS,2022-01-24,done,199,2026-03-26T14:31:13.562732+00:00
NVDA.NAS,2022-01-25,done,250,2026-03-26T14:31:49.344748+00:00
NVDA.NAS,2022-01-26,done,207,2026-03-26T14:33:49.291602+00:00
NVDA.NAS,2022-01-27,done,202,2026-03-26T14:34:17.742580+00:00
NVDA.NAS,2022-01-28,done,205,2026-03-26T14:34:48.811940+00:00
NVDA.NAS,2022-01-29,done,65,2026-03-26T14:36:31.069383+00:00
NVDA.NAS,2022-01-30,done,23,2026-03-26T14:36:52.285958+00:00
NVDA.NAS,2022-01-31,done,180,2026-03-26T14:37:13.820434+00:00
NVDA.NAS,2022-02-01,done,233,2026-03-26T14:39:51.458733+00:00
NVDA.NAS,2022-02-02,done,150,2026-03-26T14:40:14.489343+00:00
NVDA.NAS,2022-02-03,done,91,2026-03-26T14:42:23.257180+00:00
NVDA.NAS,2022-02-04,done,106,2026-03-26T14:45:06.018528+00:00
NVDA.NAS,2022-02-05,done,32,2026-03-26T14:46:54.529823+00:00
NVDA.NAS,2022-02-06,done,34,2026-03-26T14:47:55.559176+00:00
NVDA.NAS,2022-02-07,done,111,2026-03-26T14:48:54.430416+00:00
NVDA.NAS,2022-02-08,done,250,2026-03-26T14:49:25.923576+00:00
NVDA.NAS,2022-02-09,done,250,2026-03-26T14:50:21.122816+00:00
NVDA.NAS,2022-02-10,done,141,2026-03-26T14:51:44.221901+00:00
NVDA.NAS,2022-02-11,done,144,2026-03-26T14:54:01.447348+00:00
NVDA.NAS,2022-02-12,done,74,2026-03-26T14:56:16.621052+00:00
NVDA.NAS,2022-02-13,done,54,2026-03-26T14:57:54.927190+00:00
NVDA.NAS,2022-02-14,done,170,2026-03-26T14:58:17.346623+00:00
NVDA.NAS,2022-02-15,done,193,2026-03-26T15:01:10.378061+00:00
NVDA.NAS,2022-02-16,done,186,2026-03-26T15:03:06.637683+00:00
NVDA.NAS,2022-02-17,done,250,2026-03-26T15:03:57.682601+00:00
NVDA.NAS,2022-02-18,done,133,2026-03-26T15:05:29.044785+00:00
NVDA.NAS,2022-02-19,done,53,2026-03-26T15:07:20.235910+00:00
NVDA.NAS,2022-02-20,done,32,2026-03-26T15:07:47.914889+00:00
NVDA.NAS,2022-02-21,done,65,2026-03-26T15:08:49.581351+00:00
NVDA.NAS,2022-02-22,done,98,2026-03-26T15:09:51.156082+00:00
NVDA.NAS,2022-02-23,done,94,2026-03-26T15:10:11.455722+00:00
NVDA.NAS,2022-02-24,done,132,2026-03-26T15:10:45.218137+00:00
NVDA.NAS,2022-02-25,done,161,2026-03-26T15:11:12.650088+00:00
NVDA.NAS,2022-02-26,done,63,2026-03-26T15:12:12.984963+00:00
NVDA.NAS,2022-02-27,done,36,2026-03-26T15:13:21.098374+00:00
NVDA.NAS,2022-02-28,done,188,2026-03-26T15:14:02.591315+00:00
NVDA.NAS,2022-03-01,done,113,2026-03-26T15:15:07.062971+00:00
NVDA.NAS,2022-03-02,done,131,2026-03-26T15:16:45.967952+00:00
NVDA.NAS,2022-03-03,done,111,2026-03-26T15:19:49.953943+00:00
NVDA.NAS,2022-03-04,done,81,2026-03-26T15:20:18.906876+00:00
NVDA.NAS,2022-03-05,done,30,2026-03-26T15:21:35.544483+00:00
NVDA.NAS,2022-03-06,done,38,2026-03-26T15:22:39.172313+00:00
NVDA.NAS,2022-03-07,done,157,2026-03-26T15:23:22.817799+00:00
NVDA.NAS,2022-03-08,done,134,2026-03-26T15:23:47.130736+00:00
NVDA.NAS,2022-03-09,done,122,2026-03-26T15:24:27.226636+00:00
NVDA.NAS,2022-03-10,done,150,2026-03-26T15:24:40.542639+00:00
NVDA.NAS,2022-03-11,done,98,2026-03-26T15:25:37.502002+00:00
NVDA.NAS,2022-03-12,done,36,2026-03-26T15:26:06.293348+00:00
NVDA.NAS,2022-03-13,done,13,2026-03-26T15:27:16.858657+00:00
NVDA.NAS,2022-03-14,done,104,2026-03-26T15:27:28.499018+00:00
NVDA.NAS,2022-03-15,done,161,2026-03-26T15:27:52.714394+00:00
NVDA.NAS,2022-03-16,done,107,2026-03-26T15:28:18.063956+00:00
NVDA.NAS,2022-03-17,done,108,2026-03-26T15:29:16.554727+00:00
NVDA.NAS,2022-03-18,done,205,2026-03-26T15:29:38.256700+00:00
NVDA.NAS,2022-03-19,done,51,2026-03-26T15:30:36.498684+00:00
NVDA.NAS,2022-03-20,done,26,2026-03-26T15:32:16.871160+00:00
NVDA.NAS,2022-03-21,done,109,2026-03-26T15:32:43.412401+00:00
NVDA.NAS,2022-03-22,done,250,2026-03-26T15:37:03.143828+00:00
NVDA.NAS,2022-03-23,done,250,2026-03-26T15:40:23.851862+00:00
NVDA.NAS,2022-03-24,done,250,2026-03-26T15:40:49.829724+00:00
NVDA.NAS,2022-03-25,done,250,2026-03-26T15:44:44.781185+00:00
NVDA.NAS,2022-03-26,done,67,2026-03-26T15:45:06.179207+00:00
NVDA.NAS,2022-03-27,done,43,2026-03-26T15:46:36.524994+00:00
NVDA.NAS,2022-03-28,done,116,2026-03-26T15:46:56.856635+00:00
NVDA.NAS,2022-03-29,done,159,2026-03-26T15:55:23.492172+00:00
NVDA.NAS,2022-03-30,done,250,2026-03-26T15:56:20.347073+00:00
NVDA.NAS,2022-03-31,done,162,2026-03-26T15:57:14.265106+00:00
NVDA.NAS,2022-04-01,done,126,2026-03-26T15:58:49.541033+00:00
NVDA.NAS,2022-04-02,done,60,2026-03-26T15:59:11.588887+00:00
NVDA.NAS,2022-04-03,done,41,2026-03-26T15:59:31.609772+00:00
NVDA.NAS,2022-04-04,done,123,2026-03-26T16:00:43.666324+00:00
NVDA.NAS,2022-04-05,done,116,2026-03-26T16:03:47.963383+00:00
NVDA.NAS,2022-04-06,done,119,2026-03-26T16:04:25.851705+00:00
NVDA.NAS,2022-04-07,done,138,2026-03-26T16:04:43.134608+00:00
NVDA.NAS,2022-04-08,done,164,2026-03-26T16:04:57.159998+00:00
NVDA.NAS,2022-04-09,done,33,2026-03-26T16:05:23.028126+00:00
NVDA.NAS,2022-04-10,done,29,2026-03-26T16:05:50.967507+00:00
NVDA.NAS,2022-04-11,done,126,2026-03-26T16:06:24.907275+00:00
NVDA.NAS,2022-04-12,done,176,2026-03-26T16:08:28.524371+00:00
NVDA.NAS,2022-04-13,done,120,2026-03-26T16:14:02.730647+00:00
NVDA.NAS,2022-04-14,done,94,2026-03-26T16:15:53.826670+00:00
NVDA.NAS,2022-04-15,done,53,2026-03-26T16:16:21.110230+00:00
NVDA.NAS,2022-04-16,done,27,2026-03-26T16:17:37.416263+00:00
NVDA.NAS,2022-04-17,done,21,2026-03-26T16:18:38.449544+00:00
NVDA.NAS,2022-04-18,done,60,2026-03-26T16:20:12.842558+00:00
NVDA.NAS,2022-04-19,done,93,2026-03-26T16:21:23.246622+00:00
NVDA.NAS,2022-04-20,done,102,2026-03-26T16:22:22.061254+00:00
NVDA.NAS,2022-04-21,done,198,2026-03-26T16:22:52.606298+00:00
NVDA.NAS,2022-04-22,done,175,2026-03-26T16:23:48.838157+00:00
NVDA.NAS,2022-04-23,done,47,2026-03-26T16:25:35.419050+00:00
NVDA.NAS,2022-04-24,done,21,2026-03-26T16:25:56.938919+00:00
NVDA.NAS,2022-04-25,done,99,2026-03-26T16:28:10.392351+00:00
NVDA.NAS,2022-04-26,done,124,2026-03-26T16:32:58.844867+00:00
NVDA.NAS,2022-04-27,done,120,2026-03-26T16:35:13.018834+00:00
NVDA.NAS,2022-04-28,done,127,2026-03-26T16:36:15.788785+00:00
NVDA.NAS,2022-04-29,done,94,2026-03-26T16:36:53.422406+00:00
NVDA.NAS,2022-04-30,done,28,2026-03-26T16:38:28.227657+00:00
NVDA.NAS,2022-05-01,done,16,2026-03-26T16:40:58.343624+00:00
NVDA.NAS,2022-05-02,done,112,2026-03-26T16:42:10.275263+00:00
NVDA.NAS,2022-05-03,done,242,2026-03-26T16:43:14.183597+00:00
NVDA.NAS,2022-05-04,done,104,2026-03-26T16:44:44.498455+00:00
NVDA.NAS,2022-05-05,done,125,2026-03-26T16:47:10.111908+00:00
NVDA.NAS,2022-05-06,done,250,2026-03-26T16:49:45.090790+00:00
NVDA.NAS,2022-05-07,done,90,2026-03-26T16:51:32.912485+00:00
NVDA.NAS,2022-05-08,done,35,2026-03-26T16:53:07.555694+00:00
NVDA.NAS,2022-05-09,done,138,2026-03-26T16:53:42.958126+00:00
NVDA.NAS,2022-05-10,done,150,2026-03-26T16:55:25.960809+00:00
NVDA.NAS,2022-05-11,done,113,2026-03-26T16:57:36.810559+00:00
NVDA.NAS,2022-05-12,done,241,2026-03-26T16:59:27.014128+00:00
NVDA.NAS,2022-05-13,done,117,2026-03-26T17:02:58.346861+00:00
NVDA.NAS,2022-05-14,done,26,2026-03-26T17:04:27.742351+00:00
NVDA.NAS,2022-05-15,done,23,2026-03-26T17:05:09.835677+00:00
NVDA.NAS,2022-05-16,done,149,2026-03-26T17:06:19.540049+00:00
NVDA.NAS,2022-05-17,done,130,2026-03-26T17:06:42.296725+00:00
NVDA.NAS,2022-05-18,done,151,2026-03-26T17:07:05.242737+00:00
NVDA.NAS,2022-05-19,done,149,2026-03-26T17:07:25.184984+00:00
NVDA.NAS,2022-05-20,done,172,2026-03-26T17:08:35.673052+00:00
NVDA.NAS,2022-05-21,done,47,2026-03-26T17:10:01.219753+00:00
NVDA.NAS,2022-05-22,done,42,2026-03-26T17:10:50.157066+00:00
NVDA.NAS,2022-05-23,done,135,2026-03-26T17:11:15.530046+00:00
NVDA.NAS,2022-05-24,done,198,2026-03-26T17:12:45.538646+00:00
NVDA.NAS,2022-05-25,done,201,2026-03-26T17:17:20.132368+00:00
NVDA.NAS,2022-05-26,done,250,2026-03-26T17:17:32.248852+00:00
NVDA.NAS,2022-05-27,done,124,2026-03-26T17:17:46.666856+00:00
NVDA.NAS,2022-05-28,done,42,2026-03-26T17:18:28.119653+00:00
NVDA.NAS,2022-05-29,done,36,2026-03-26T17:18:50.964435+00:00
NVDA.NAS,2022-05-30,done,102,2026-03-26T17:20:12.005530+00:00
NVDA.NAS,2022-05-31,done,123,2026-03-26T17:26:35.378715+00:00
NVDA.NAS,2022-06-01,done,118,2026-03-26T17:27:58.068456+00:00
NVDA.NAS,2022-06-02,done,164,2026-03-26T17:28:50.529655+00:00
NVDA.NAS,2022-06-03,done,98,2026-03-26T17:29:31.392075+00:00
NVDA.NAS,2022-06-04,done,30,2026-03-26T17:29:48.388916+00:00
NVDA.NAS,2022-06-05,done,20,2026-03-26T17:30:43.340886+00:00
NVDA.NAS,2022-06-06,done,83,2026-03-26T17:31:39.951622+00:00
NVDA.NAS,2022-06-07,done,136,2026-03-26T17:32:01.086863+00:00
NVDA.NAS,2022-06-08,done,111,2026-03-26T17:32:33.593808+00:00
NVDA.NAS,2022-06-09,done,105,2026-03-26T17:32:54.087101+00:00
NVDA.NAS,2022-06-10,done,127,2026-03-26T17:33:54.263520+00:00
NVDA.NAS,2022-06-11,done,56,2026-03-26T17:34:15.973500+00:00
NVDA.NAS,2022-06-12,done,28,2026-03-26T17:34:49.000820+00:00
NVDA.NAS,2022-06-13,done,109,2026-03-26T17:35:29.537459+00:00
NVDA.NAS,2022-06-14,done,84,2026-03-26T17:36:37.913859+00:00
NVDA.NAS,2022-06-15,done,117,2026-03-26T17:37:06.099367+00:00
NVDA.NAS,2022-06-16,done,98,2026-03-26T17:38:39.758153+00:00
NVDA.NAS,2022-06-17,done,118,2026-03-26T17:42:18.377622+00:00
NVDA.NAS,2022-06-18,done,44,2026-03-26T17:44:57.002592+00:00
NVDA.NAS,2022-06-19,done,18,2026-03-26T17:45:21.803294+00:00
NVDA.NAS,2022-06-20,done,56,2026-03-26T17:47:11.470014+00:00
NVDA.NAS,2022-06-21,done,97,2026-03-26T17:49:04.340738+00:00
NVDA.NAS,2022-06-22,done,148,2026-03-26T17:50:10.924623+00:00
NVDA.NAS,2022-06-23,done,146,2026-03-26T17:51:52.899748+00:00
NVDA.NAS,2022-06-24,done,100,2026-03-26T17:52:50.839854+00:00
NVDA.NAS,2022-06-25,done,40,2026-03-26T17:54:31.130067+00:00
NVDA.NAS,2022-06-26,done,28,2026-03-26T17:54:53.015393+00:00
NVDA.NAS,2022-06-27,done,105,2026-03-26T17:55:59.526230+00:00
NVDA.NAS,2022-06-28,done,121,2026-03-26T17:56:23.850327+00:00
NVDA.NAS,2022-06-29,done,146,2026-03-26T17:56:50.733688+00:00
NVDA.NAS,2022-06-30,done,129,2026-03-26T17:57:09.217626+00:00
NVDA.NAS,2022-07-01,done,193,2026-03-26T17:57:32.924362+00:00
NVDA.NAS,2022-07-02,done,45,2026-03-26T17:57:53.621408+00:00
NVDA.NAS,2022-07-03,done,31,2026-03-26T18:00:24.369279+00:00
NVDA.NAS,2022-07-04,done,60,2026-03-26T18:01:17.226326+00:00
NVDA.NAS,2022-07-05,done,106,2026-03-26T18:03:02.727970+00:00
NVDA.NAS,2022-07-06,done,146,2026-03-26T18:05:25.706273+00:00
NVDA.NAS,2022-07-07,done,114,2026-03-26T18:05:47.660369+00:00
NVDA.NAS,2022-07-08,done,83,2026-03-26T18:07:01.957854+00:00
NVDA.NAS,2022-07-09,done,22,2026-03-26T18:09:01.781820+00:00
NVDA.NAS,2022-07-10,done,13,2026-03-26T18:11:23.259300+00:00
NVDA.NAS,2022-07-11,done,76,2026-03-26T18:12:18.613362+00:00
NVDA.NAS,2022-07-12,done,150,2026-03-26T18:13:59.993073+00:00
NVDA.NAS,2022-07-13,done,125,2026-03-26T18:14:26.840064+00:00
NVDA.NAS,2022-07-14,done,117,2026-03-26T18:16:26.988888+00:00
NVDA.NAS,2022-07-15,done,98,2026-03-26T18:17:22.843429+00:00
NVDA.NAS,2022-07-16,done,56,2026-03-26T18:21:53.167356+00:00
NVDA.NAS,2022-07-17,done,28,2026-03-26T18:22:56.375895+00:00
NVDA.NAS,2022-07-18,done,113,2026-03-26T18:23:40.449059+00:00
NVDA.NAS,2022-07-19,done,127,2026-03-26T18:23:53.403845+00:00
NVDA.NAS,2022-07-20,done,198,2026-03-26T18:24:13.922089+00:00
NVDA.NAS,2022-07-21,done,158,2026-03-26T18:25:54.244193+00:00
NVDA.NAS,2022-07-22,done,63,2026-03-26T18:26:21.717480+00:00
NVDA.NAS,2022-07-23,done,30,2026-03-26T18:26:49.733080+00:00
NVDA.NAS,2022-07-24,done,21,2026-03-26T18:31:12.730783+00:00
NVDA.NAS,2022-07-25,done,153,2026-03-26T18:31:38.772575+00:00
NVDA.NAS,2022-07-26,done,129,2026-03-26T18:42:00.210982+00:00
NVDA.NAS,2022-07-27,done,157,2026-03-26T18:42:23.381630+00:00
NVDA.NAS,2022-07-28,done,134,2026-03-26T18:43:23.880352+00:00
NVDA.NAS,2022-07-29,done,97,2026-03-26T18:43:42.616332+00:00
NVDA.NAS,2022-07-30,done,32,2026-03-26T18:47:24.497687+00:00
NVDA.NAS,2022-07-31,done,15,2026-03-26T18:47:48.082730+00:00
NVDA.NAS,2022-08-01,done,68,2026-03-26T18:48:51.030918+00:00
NVDA.NAS,2022-08-02,done,163,2026-03-26T18:49:16.283762+00:00
NVDA.NAS,2022-08-03,done,101,2026-03-26T18:49:38.028320+00:00
NVDA.NAS,2022-08-04,done,122,2026-03-26T18:50:03.745246+00:00
NVDA.NAS,2022-08-05,done,88,2026-03-26T18:56:24.652684+00:00
NVDA.NAS,2022-08-06,done,58,2026-03-26T19:01:26.474263+00:00
NVDA.NAS,2022-08-07,done,20,2026-03-26T19:02:46.830867+00:00
NVDA.NAS,2022-08-08,done,250,2026-03-26T19:03:32.958433+00:00
NVDA.NAS,2022-08-09,done,250,2026-03-26T19:04:38.583949+00:00
NVDA.NAS,2022-08-10,done,250,2026-03-26T19:05:03.293523+00:00
NVDA.NAS,2022-08-11,done,136,2026-03-26T19:06:14.289539+00:00
NVDA.NAS,2022-08-12,done,190,2026-03-26T19:08:26.514540+00:00
NVDA.NAS,2022-08-13,done,53,2026-03-26T19:08:52.117028+00:00
NVDA.NAS,2022-08-14,done,54,2026-03-26T19:09:19.238766+00:00
NVDA.NAS,2022-08-15,done,101,2026-03-26T19:10:47.285116+00:00
NVDA.NAS,2022-08-16,done,138,2026-03-26T19:11:44.501321+00:00
NVDA.NAS,2022-08-17,done,168,2026-03-26T19:12:55.352615+00:00
NVDA.NAS,2022-08-18,done,91,2026-03-26T19:13:24.599569+00:00
NVDA.NAS,2022-08-19,done,102,2026-03-26T19:13:55.721750+00:00
NVDA.NAS,2022-08-20,done,34,2026-03-26T19:14:49.694248+00:00
NVDA.NAS,2022-08-21,done,44,2026-03-26T19:16:45.685899+00:00
NVDA.NAS,2022-08-22,done,94,2026-03-26T19:19:12.151883+00:00
NVDA.NAS,2022-08-23,done,81,2026-03-26T19:21:07.989845+00:00
NVDA.NAS,2022-08-24,done,250,2026-03-26T19:22:18.261577+00:00
NVDA.NAS,2022-08-25,done,201,2026-03-26T19:22:57.318906+00:00
NVDA.NAS,2022-08-26,done,121,2026-03-26T19:28:16.222048+00:00
NVDA.NAS,2022-08-27,done,33,2026-03-26T19:30:02.808165+00:00
NVDA.NAS,2022-08-28,done,16,2026-03-26T19:36:43.342038+00:00
NVDA.NAS,2022-08-29,done,79,2026-03-26T19:39:22.248466+00:00
NVDA.NAS,2022-08-30,done,239,2026-03-26T19:39:47.313980+00:00
NVDA.NAS,2022-08-31,done,250,2026-03-26T19:40:12.596061+00:00
NVDA.NAS,2022-09-01,done,250,2026-03-26T19:43:38.009419+00:00
NVDA.NAS,2022-09-02,done,250,2026-03-26T19:44:11.434900+00:00
NVDA.NAS,2022-09-03,done,52,2026-03-26T19:45:37.608110+00:00
NVDA.NAS,2022-09-04,done,39,2026-03-26T19:45:58.146476+00:00
NVDA.NAS,2022-09-05,done,61,2026-03-26T19:46:19.052807+00:00
NVDA.NAS,2022-09-06,done,151,2026-03-26T19:47:42.873216+00:00
NVDA.NAS,2022-09-07,done,103,2026-03-26T19:50:28.173019+00:00
NVDA.NAS,2022-09-08,done,109,2026-03-26T19:51:38.932509+00:00
NVDA.NAS,2022-09-09,done,84,2026-03-26T19:53:19.319231+00:00
NVDA.NAS,2022-09-10,done,110,2026-03-26T19:53:59.443317+00:00
NVDA.NAS,2022-09-11,done,28,2026-03-26T19:54:26.521414+00:00
NVDA.NAS,2022-09-12,done,121,2026-03-26T19:54:50.969934+00:00
NVDA.NAS,2022-09-13,done,149,2026-03-26T19:55:15.375094+00:00
NVDA.NAS,2022-09-14,done,125,2026-03-26T19:55:36.844003+00:00
NVDA.NAS,2022-09-15,done,115,2026-03-26T19:57:45.141731+00:00
NVDA.NAS,2022-09-16,done,125,2026-03-26T19:58:08.602962+00:00
NVDA.NAS,2022-09-17,done,43,2026-03-26T20:01:28.039650+00:00
NVDA.NAS,2022-09-18,done,50,2026-03-26T20:03:00.621145+00:00
NVDA.NAS,2022-09-19,done,111,2026-03-26T20:03:16.971746+00:00
NVDA.NAS,2022-09-20,done,250,2026-03-26T20:05:48.441680+00:00
NVDA.NAS,2022-09-21,done,250,2026-03-26T20:09:59.655380+00:00
NVDA.NAS,2022-09-22,done,202,2026-03-26T20:10:32.763038+00:00
NVDA.NAS,2022-09-23,done,145,2026-03-26T20:11:50.204482+00:00
NVDA.NAS,2022-09-24,done,52,2026-03-26T20:13:50.540959+00:00
NVDA.NAS,2022-09-25,done,33,2026-03-26T20:14:26.395961+00:00
NVDA.NAS,2022-09-26,done,128,2026-03-26T20:16:02.315537+00:00
NVDA.NAS,2022-09-27,done,175,2026-03-26T20:17:50.476016+00:00
NVDA.NAS,2022-09-28,done,132,2026-03-26T20:18:59.633637+00:00
NVDA.NAS,2022-09-29,done,144,2026-03-26T20:19:29.343826+00:00
NVDA.NAS,2022-09-30,done,150,2026-03-26T20:21:43.647750+00:00
NVDA.NAS,2022-10-01,done,38,2026-03-26T20:21:55.253467+00:00
NVDA.NAS,2022-10-02,done,27,2026-03-26T20:22:49.857401+00:00
NVDA.NAS,2022-10-03,done,106,2026-03-26T20:23:09.746701+00:00
NVDA.NAS,2022-10-04,done,149,2026-03-26T20:23:25.317983+00:00
NVDA.NAS,2022-10-05,done,139,2026-03-26T20:23:48.528591+00:00
NVDA.NAS,2022-10-06,done,116,2026-03-26T20:24:17.860847+00:00
NVDA.NAS,2022-10-07,done,174,2026-03-26T20:24:44.431139+00:00
NVDA.NAS,2022-10-08,done,111,2026-03-26T20:25:13.385393+00:00
NVDA.NAS,2022-10-09,done,36,2026-03-26T20:25:51.898577+00:00
NVDA.NAS,2022-10-10,done,250,2026-03-26T20:26:21.899742+00:00
NVDA.NAS,2022-10-11,done,238,2026-03-26T20:30:51.437155+00:00
NVDA.NAS,2022-10-12,done,243,2026-03-26T20:32:55.832125+00:00
NVDA.NAS,2022-10-13,done,194,2026-03-26T20:33:24.330734+00:00
NVDA.NAS,2022-10-14,done,189,2026-03-26T20:33:47.156176+00:00
NVDA.NAS,2022-10-15,done,105,2026-03-26T20:34:11.977984+00:00
NVDA.NAS,2022-10-16,done,41,2026-03-26T20:37:10.674767+00:00
NVDA.NAS,2022-10-17,done,117,2026-03-26T20:37:38.837296+00:00
NVDA.NAS,2022-10-18,done,249,2026-03-26T20:38:59.590864+00:00
NVDA.NAS,2022-10-19,done,108,2026-03-26T20:39:22.238528+00:00
NVDA.NAS,2022-10-20,done,129,2026-03-26T20:39:49.669355+00:00
NVDA.NAS,2022-10-21,done,94,2026-03-26T20:40:08.976199+00:00
NVDA.NAS,2022-10-22,done,33,2026-03-26T20:41:04.838047+00:00
NVDA.NAS,2022-10-23,done,27,2026-03-26T20:41:44.593184+00:00
NVDA.NAS,2022-10-24,done,106,2026-03-26T20:42:06.906112+00:00
NVDA.NAS,2022-10-25,done,128,2026-03-26T20:42:21.572646+00:00
NVDA.NAS,2022-10-26,done,105,2026-03-26T20:42:32.957257+00:00
NVDA.NAS,2022-10-27,done,124,2026-03-26T20:42:44.686729+00:00
NVDA.NAS,2022-10-28,done,102,2026-03-26T20:43:35.112064+00:00
NVDA.NAS,2022-10-29,done,31,2026-03-26T20:43:54.084845+00:00
NVDA.NAS,2022-10-30,done,25,2026-03-26T20:44:13.775210+00:00
NVDA.NAS,2022-10-31,done,90,2026-03-26T20:44:52.554003+00:00
NVDA.NAS,2022-11-01,done,76,2026-03-26T20:45:31.052945+00:00
NVDA.NAS,2022-11-02,done,84,2026-03-26T20:47:32.145440+00:00
NVDA.NAS,2022-11-03,done,101,2026-03-26T20:47:51.583929+00:00
NVDA.NAS,2022-11-04,done,107,2026-03-26T20:49:24.190163+00:00
NVDA.NAS,2022-11-05,done,28,2026-03-26T20:51:38.373033+00:00
NVDA.NAS,2022-11-06,done,16,2026-03-26T20:55:19.011082+00:00
NVDA.NAS,2022-11-07,done,95,2026-03-26T20:55:36.647728+00:00
NVDA.NAS,2022-11-08,done,154,2026-03-26T20:56:05.204898+00:00
NVDA.NAS,2022-11-09,done,136,2026-03-26T20:56:24.238918+00:00
NVDA.NAS,2022-11-10,done,167,2026-03-26T20:56:52.495673+00:00
NVDA.NAS,2022-11-11,done,14,2026-03-26T20:57:51.583489+00:00
NVDA.NAS,2022-11-12,done,40,2026-03-26T20:58:08.088461+00:00
NVDA.NAS,2022-11-13,done,31,2026-03-26T20:58:41.048558+00:00
NVDA.NAS,2022-11-14,done,145,2026-03-26T20:59:02.956601+00:00
NVDA.NAS,2022-11-15,done,250,2026-03-26T20:59:19.443020+00:00
NVDA.NAS,2022-11-16,done,250,2026-03-26T20:59:52.111674+00:00
NVDA.NAS,2022-11-17,done,228,2026-03-26T21:00:15.323477+00:00
NVDA.NAS,2022-11-18,done,106,2026-03-26T21:03:47.626467+00:00
NVDA.NAS,2022-11-19,done,33,2026-03-26T21:05:13.286331+00:00
NVDA.NAS,2022-11-20,done,27,2026-03-26T21:05:56.730532+00:00
NVDA.NAS,2022-11-21,done,86,2026-03-26T21:06:23.293529+00:00
NVDA.NAS,2022-11-22,done,187,2026-03-26T21:06:37.339294+00:00
NVDA.NAS,2022-11-23,done,190,2026-03-26T21:07:16.560218+00:00
NVDA.NAS,2022-11-24,done,105,2026-03-26T21:07:37.585274+00:00
NVDA.NAS,2022-11-25,done,104,2026-03-26T21:08:59.258524+00:00
NVDA.NAS,2022-11-26,done,33,2026-03-26T21:10:03.198477+00:00
NVDA.NAS,2022-11-27,done,52,2026-03-26T21:11:12.923519+00:00
NVDA.NAS,2022-11-28,done,87,2026-03-26T21:11:23.426666+00:00
NVDA.NAS,2022-11-29,done,117,2026-03-26T21:12:24.147417+00:00
NVDA.NAS,2022-11-30,done,102,2026-03-26T21:12:39.038062+00:00
NVDA.NAS,2022-12-01,done,109,2026-03-26T21:13:17.780385+00:00
NVDA.NAS,2022-12-02,done,92,2026-03-26T21:14:35.524962+00:00
NVDA.NAS,2022-12-03,done,36,2026-03-26T21:15:29.960307+00:00
NVDA.NAS,2022-12-04,done,21,2026-03-26T21:16:15.292785+00:00
NVDA.NAS,2022-12-05,done,126,2026-03-26T21:17:55.278455+00:00
NVDA.NAS,2022-12-06,done,248,2026-03-26T21:18:16.236909+00:00
NVDA.NAS,2022-12-07,done,167,2026-03-26T21:18:41.448608+00:00
NVDA.NAS,2022-12-08,done,108,2026-03-26T21:19:39.286092+00:00
NVDA.NAS,2022-12-09,done,135,2026-03-26T21:22:20.043045+00:00
NVDA.NAS,2022-12-10,done,39,2026-03-26T21:22:44.769508+00:00
NVDA.NAS,2022-12-11,done,50,2026-03-26T21:23:14.950299+00:00
NVDA.NAS,2022-12-12,done,105,2026-03-26T21:24:07.278883+00:00
NVDA.NAS,2022-12-13,done,130,2026-03-26T21:24:17.089119+00:00
NVDA.NAS,2022-12-14,done,96,2026-03-26T21:24:32.179855+00:00
NVDA.NAS,2022-12-15,done,135,2026-03-26T21:24:41.785623+00:00
NVDA.NAS,2022-12-16,done,92,2026-03-26T21:25:01.247788+00:00
NVDA.NAS,2022-12-17,done,19,2026-03-26T21:26:05.328028+00:00
NVDA.NAS,2022-12-18,done,28,2026-03-26T21:26:45.970607+00:00
NVDA.NAS,2022-12-19,done,50,2026-03-26T21:27:08.487432+00:00
NVDA.NAS,2022-12-20,done,81,2026-03-26T21:27:32.703946+00:00
NVDA.NAS,2022-12-21,done,90,2026-03-26T21:29:06.405782+00:00
NVDA.NAS,2022-12-22,done,152,2026-03-26T21:30:08.790683+00:00
NVDA.NAS,2022-12-23,done,121,2026-03-26T21:30:38.598156+00:00
NVDA.NAS,2022-12-24,done,24,2026-03-26T21:30:58.408828+00:00
NVDA.NAS,2022-12-25,done,25,2026-03-26T21:32:48.381818+00:00
NVDA.NAS,2022-12-26,done,40,2026-03-26T21:33:10.157102+00:00
NVDA.NAS,2022-12-27,done,95,2026-03-26T21:33:34.388778+00:00
NVDA.NAS,2022-12-28,done,69,2026-03-26T21:34:42.814773+00:00
NVDA.NAS,2022-12-29,done,78,2026-03-26T21:35:31.115775+00:00
